player_name,team,matches_played,total_events,passes_attempted,passes_completed,pass_completion_rate,shots_total,shots_on_target,goals_scored,assists,dribbles_attempted,dribbles_completed,dribble_success_rate,tackles_attempted,tackles_won,interceptions,clearances,fouls_committed,fouls_won,yellow_cards,red_cards,total_xg,passes_per_game,shots_per_game,goals_per_game,assists_per_game
Ross Barkley,Everton,38,7288,1921,1593,82.92555960437272,95,27,8,54,145,94,64.82758620689654,35,10,11,22,34,86,3,0,7.684943470499998,50.55263157894737,2.5,0.21052631578947367,1.4210526315789473
Simon Francis,AFC Bournemouth,38,7094,2454,1921,78.28035859820702,6,1,0,32,49,34,69.38775510204081,109,30,60,213,38,13,5,1,0.19690734930000003,64.57894736842105,0.15789473684210525,0.0,0.8421052631578947
Andrew Surman,AFC Bournemouth,38,6956,2309,1970,85.31831961888263,16,0,0,42,26,17,65.38461538461539,50,7,56,82,32,22,4,0,0.7623997892,60.76315789473684,0.42105263157894735,0.0,1.105263157894737
Juan Manuel Mata García,Manchester United,38,6622,1914,1634,85.37095088819227,58,22,6,46,61,40,65.57377049180327,31,7,23,17,27,41,4,1,5.866743938000002,50.36842105263158,1.5263157894736843,0.15789473684210525,1.2105263157894737
Toby Alderweireld,Tottenham Hotspur,38,6323,2122,1704,80.30160226201697,41,14,4,7,12,7,58.333333333333336,40,5,46,258,9,7,2,0,3.1840854048,55.8421052631579,1.0789473684210527,0.10526315789473684,0.18421052631578946
Troy Deeney,Watford,38,6121,1302,792,60.82949308755761,94,31,13,49,50,29,57.99999999999999,44,15,8,51,58,45,3,0,12.085973285000001,34.26315789473684,2.473684210526316,0.34210526315789475,1.2894736842105263
Harry Kane,Tottenham Hotspur,38,5746,1005,720,71.64179104477611,158,73,25,39,96,56,58.333333333333336,32,10,12,31,44,61,4,0,21.635490750800024,26.44736842105263,4.157894736842105,0.6578947368421053,1.0263157894736843
Darren Fletcher,West Bromwich Albion,38,5363,1516,1151,75.92348284960421,23,4,1,23,67,39,58.2089552238806,45,9,29,39,22,36,1,0,1.839551207,39.89473684210526,0.6052631578947368,0.02631578947368421,0.6052631578947368
Georginio Wijnaldum,Newcastle United,38,5212,1264,1055,83.46518987341773,54,29,11,38,117,81,69.23076923076923,42,20,23,28,19,63,0,0,7.722146134000001,33.26315789473684,1.4210526315789473,0.2894736842105263,1.0
Marc Albrighton,Leicester City,38,4871,1214,671,55.271828665568364,42,12,2,55,100,61,61.0,71,20,23,32,27,32,4,0,2.3626669599999994,31.94736842105263,1.105263157894737,0.05263157894736842,1.4473684210526316
Craig Dawson,West Bromwich Albion,38,4736,1658,1049,63.268998793727384,38,8,4,23,30,15,50.0,76,11,44,189,37,32,3,0,3.431995575399998,43.63157894736842,1.0,0.10526315789473684,0.6052631578947368
Olivier Giroud,Arsenal,38,4140,825,571,69.21212121212122,103,43,16,26,29,14,48.275862068965516,41,3,4,24,45,36,2,0,13.017702892999997,21.710526315789473,2.710526315789474,0.42105263157894735,0.6842105263157895
Kasper Schmeichel,Leicester City,38,2957,1220,477,39.09836065573771,0,0,0,6,1,1,100.0,0,0,0,8,0,1,0,0,0.0,32.10526315789474,0.0,0.0,0.15789473684210525
Wes Morgan,Leicester City,38,2863,849,648,76.32508833922262,21,6,2,3,11,9,81.81818181818183,53,14,46,244,32,16,3,0,2.948268348,22.342105263157894,0.5526315789473685,0.05263157894736842,0.07894736842105263
Heurelho da Silva Gomes,Watford,38,2651,1132,593,52.3851590106007,0,0,0,0,0,0,0.0,0,0,0,2,2,5,2,0,0.0,29.789473684210527,0.0,0.0,0.0
Francesc Fàbregas i Soler,Chelsea,37,9408,2947,2406,81.64234815066169,48,20,5,62,42,24,57.14285714285714,118,21,33,23,43,51,1,0,4.0294038148,79.64864864864865,1.2972972972972974,0.13513513513513514,1.6756756756756757
Eric Dier,Tottenham Hotspur,37,6709,2111,1766,83.6570345807674,30,7,3,19,13,9,69.23076923076923,81,15,43,96,59,28,10,0,2.058710326,57.054054054054056,0.8108108108108109,0.08108108108108109,0.5135135135135135
Charlie Daniels,AFC Bournemouth,37,6606,2239,1765,78.8298347476552,23,7,3,31,67,47,70.1492537313433,80,15,24,86,11,20,1,0,2.934878227999999,60.513513513513516,0.6216216216216216,0.08108108108108109,0.8378378378378378
Mark Noble,West Ham United,37,6565,1943,1662,85.53782810087493,34,12,7,43,40,28,70.0,93,17,46,26,47,60,7,0,4.019765458,52.513513513513516,0.918918918918919,0.1891891891891892,1.162162162162162
Glenn Whelan,Stoke City,37,6550,2037,1755,86.15611192930781,11,3,0,21,23,18,78.26086956521739,80,16,60,105,30,25,6,0,0.21807827100000002,55.054054054054056,0.2972972972972973,0.0,0.5675675675675675
Ignacio Monreal Eraso,Arsenal,37,6540,2259,1868,82.69145639663567,13,4,0,25,26,12,46.15384615384615,83,22,66,123,30,47,1,0,1.2020762510000003,61.054054054054056,0.35135135135135137,0.0,0.6756756756756757
César Azpilicueta Tanco,Chelsea,37,6489,2198,1782,81.07370336669699,11,5,2,17,26,8,30.76923076923077,131,28,56,123,48,22,6,0,1.5438206625000004,59.4054054054054,0.2972972972972973,0.05405405405405406,0.4594594594594595
Moussa Sissoko,Newcastle United,37,6449,1576,1142,72.46192893401016,39,12,1,50,148,78,52.702702702702695,59,19,28,48,58,38,3,0,3.692096528,42.5945945945946,1.054054054054054,0.02702702702702703,1.3513513513513513
Matt Ritchie,AFC Bournemouth,37,6193,1675,1176,70.2089552238806,79,19,4,35,49,26,53.06122448979592,53,13,42,41,49,62,5,0,4.637305232100002,45.270270270270274,2.135135135135135,0.10810810810810811,0.9459459459459459
Yann Gérard M''Vila,Sunderland,37,6053,1799,1404,78.04335742078933,30,5,1,43,38,28,73.68421052631578,109,39,65,102,20,55,1,0,0.9914188749999999,48.62162162162162,0.8108108108108109,0.02702702702702703,1.162162162162162
Riyad Mahrez,Leicester City,37,5823,1174,816,69.50596252129472,87,39,17,56,218,123,56.42201834862385,52,15,33,25,29,92,1,0,12.163812770000005,31.72972972972973,2.3513513513513513,0.4594594594594595,1.5135135135135136
N''Golo Kanté,Leicester City,37,5771,1476,1202,81.43631436314364,21,5,1,24,63,48,76.19047619047619,164,33,110,77,54,30,3,0,0.7659033805,39.891891891891895,0.5675675675675675,0.02702702702702703,0.6486486486486487
Aaron Cresswell,West Ham United,37,5583,1874,1402,74.81323372465314,27,6,2,41,34,16,47.05882352941176,44,10,38,107,26,35,1,0,0.8002924176000002,50.648648648648646,0.7297297297297297,0.05405405405405406,1.1081081081081081
Romelu Lukaku Menama,Everton,37,5562,1112,804,72.3021582733813,116,45,18,43,88,46,52.27272727272727,17,6,3,5,35,35,2,0,18.15715817069999,30.054054054054053,3.135135135135135,0.4864864864864865,1.162162162162162
Sadio Mané,Southampton,37,5399,1043,815,78.13998082454458,86,33,11,37,147,80,54.421768707483,55,17,21,12,53,87,4,2,12.052078225,28.18918918918919,2.324324324324324,0.2972972972972973,1.0
José Miguel da Rocha Fonte,Southampton,37,4980,1642,1375,83.73934226552984,24,7,2,5,4,4,100.0,51,14,58,229,24,12,4,1,2.732162336,44.37837837837838,0.6486486486486487,0.05405405405405406,0.13513513513513514
Odion Jude Ighalo,Watford,37,4938,707,532,75.24752475247524,111,49,15,31,92,53,57.608695652173914,27,10,18,27,46,60,2,0,16.919277522399998,19.10810810810811,3.0,0.40540540540540543,0.8378378378378378
Hugo Lloris,Tottenham Hotspur,37,3098,1217,817,67.13229252259654,0,0,0,3,0,0,0.0,0,0,0,2,0,5,0,0,0.0,32.891891891891895,0.0,0.0,0.08108108108108109
Łukasz Fabiański,Swansea City,37,3077,1212,768,63.366336633663366,1,0,0,3,0,0,0.0,0,0,0,2,1,9,0,0,0.10419701,32.75675675675676,0.02702702702702703,0.0,0.08108108108108109
Héctor Bellerín Moruno,Arsenal,36,6414,2094,1735,82.85577841451767,13,3,1,19,103,67,65.0485436893204,62,15,40,86,24,14,3,0,0.614905337,58.166666666666664,0.3611111111111111,0.027777777777777776,0.5277777777777778
Ashley Williams,Swansea City,36,5834,1884,1600,84.92569002123143,16,7,2,10,6,5,83.33333333333334,71,10,69,324,34,15,6,0,2.037459865,52.333333333333336,0.4444444444444444,0.05555555555555555,0.2777777777777778
Robert Brady,Norwich City,36,5376,1608,1016,63.18407960199005,54,19,3,51,79,48,60.75949367088608,95,29,45,84,51,18,3,0,3.1116774991000002,44.666666666666664,1.5,0.08333333333333333,1.4166666666666667
Gylfi Þór Sigurðsson,Swansea City,36,5306,1346,969,71.99108469539375,89,31,11,57,54,29,53.70370370370371,41,8,27,20,38,33,5,0,7.495362014000002,37.388888888888886,2.4722222222222223,0.3055555555555556,1.5833333333333333
Jonathan Howson,Norwich City,36,5084,1338,999,74.66367713004485,35,9,3,27,53,33,62.264150943396224,82,25,38,72,34,24,6,0,2.3553651122,37.166666666666664,0.9722222222222222,0.08333333333333333,0.75
Steve Cook,AFC Bournemouth,36,4834,1641,1312,79.95124923826936,26,8,4,4,1,0,0.0,40,3,60,253,20,10,3,0,2.3511459650000006,45.583333333333336,0.7222222222222222,0.1111111111111111,0.1111111111111111
Jamie Vardy,Leicester City,36,4328,679,426,62.73932253313696,118,51,24,36,76,39,51.31578947368421,42,10,9,9,44,34,5,1,22.29868511899999,18.86111111111111,3.2777777777777777,0.6666666666666666,1.0
Shinji Okazaki,Leicester City,36,3347,521,389,74.6641074856046,44,11,5,17,45,23,51.11111111111111,37,11,11,17,32,57,1,0,7.1223574140000006,14.472222222222221,1.2222222222222223,0.1388888888888889,0.4722222222222222
Mesut Özil,Arsenal,35,8413,2511,2050,81.64078056551175,49,19,6,123,92,54,58.69565217391305,34,9,19,6,24,53,3,0,5.966240685399999,71.74285714285715,1.4,0.17142857142857143,3.5142857142857142
Idrissa Gana Gueye,Aston Villa,35,7255,1906,1608,84.36516264428123,30,4,0,26,108,74,68.51851851851852,153,45,80,50,79,57,8,0,1.086028215,54.457142857142856,0.8571428571428571,0.0,0.7428571428571429
Christian Dannemann Eriksen,Tottenham Hotspur,35,7055,2041,1559,76.38412542871141,99,40,6,95,76,39,51.31578947368421,52,17,30,28,17,24,2,0,5.1098074079,58.31428571428572,2.8285714285714287,0.17142857142857143,2.7142857142857144
Danny Drinkwater,Leicester City,35,6834,2033,1556,76.53713723561239,42,10,2,34,46,28,60.86956521739131,109,30,37,72,54,28,4,1,1.7761880454999994,58.08571428571429,1.2,0.05714285714285714,0.9714285714285714
Daley Blind,Manchester United,35,6634,2215,1786,80.63205417607223,4,2,1,27,17,13,76.47058823529412,91,22,67,150,33,17,2,0,0.1103781186,63.285714285714285,0.11428571428571428,0.02857142857142857,0.7714285714285715
Willian Borges da Silva,Chelsea,35,6295,1745,1303,74.67048710601719,59,20,5,76,104,70,67.3076923076923,48,18,22,13,29,73,1,0,3.7275560463999997,49.857142857142854,1.6857142857142857,0.14285714285714285,2.1714285714285713
Jack Frank Porteous Cork,Swansea City,35,6187,1746,1459,83.56242840778924,19,6,1,27,61,41,67.21311475409836,83,21,64,73,45,53,3,0,0.8861317100000001,49.885714285714286,0.5428571428571428,0.02857142857142857,0.7714285714285715
Erik Pieters,Stoke City,35,5971,1956,1465,74.89775051124744,5,1,0,18,25,12,48.0,119,31,74,124,66,49,8,0,0.07677497999999999,55.885714285714286,0.14285714285714285,0.0,0.5142857142857142
Ben Watson,Watford,35,4842,1599,1186,74.17135709818636,16,4,1,35,17,12,70.58823529411765,69,17,42,90,47,17,4,0,0.5154302259999999,45.68571428571428,0.45714285714285713,0.02857142857142857,1.0
Chris Smalling,Manchester United,35,4804,1522,1280,84.09986859395532,21,2,0,5,8,7,87.5,72,18,48,242,47,15,8,0,1.71060454,43.48571428571429,0.6,0.0,0.14285714285714285
Nathan Redmond,Norwich City,35,4588,1084,761,70.20295202952029,53,17,6,37,96,61,63.541666666666664,40,10,17,16,28,42,0,0,2.6832608084000005,30.97142857142857,1.5142857142857142,0.17142857142857143,1.0571428571428572
James McClean,West Bromwich Albion,35,3745,822,493,59.975669099756686,31,9,2,30,68,35,51.470588235294116,73,16,19,63,42,45,6,1,2.1490602424999996,23.485714285714284,0.8857142857142857,0.05714285714285714,0.8571428571428571
Scott Dann,Crystal Palace,35,3457,1111,837,75.33753375337534,32,11,5,8,11,8,72.72727272727273,32,5,38,210,30,15,7,0,2.7130084553,31.742857142857144,0.9142857142857143,0.14285714285714285,0.22857142857142856
Craig Cathcart,Watford,35,3113,1050,749,71.33333333333334,6,2,1,3,5,4,80.0,50,8,23,217,12,13,3,0,0.5523564986,30.0,0.17142857142857143,0.02857142857142857,0.08571428571428572
Robert Huth,Leicester City,35,2610,794,612,77.07808564231739,30,7,3,1,4,4,100.0,37,9,46,312,36,18,6,0,2.599811442,22.685714285714287,0.8571428571428571,0.08571428571428572,0.02857142857142857
Joe Hart,Manchester City,35,2045,848,502,59.198113207547166,0,0,0,2,1,1,100.0,0,0,0,1,0,4,0,0,0.0,24.228571428571428,0.0,0.0,0.05714285714285714
Steven Davis,Southampton,34,5609,1634,1300,79.5593635250918,20,8,5,46,36,23,63.888888888888886,64,16,21,41,22,25,4,0,2.0640061253999997,48.05882352941177,0.5882352941176471,0.14705882352941177,1.3529411764705883
André Ayew Pelé,Swansea City,34,5299,1098,882,80.32786885245902,69,26,12,17,83,41,49.39759036144578,63,27,16,16,38,81,5,0,7.593027025699999,32.294117647058826,2.0294117647058822,0.35294117647058826,0.5
Jesús Navas González,Manchester City,34,5247,1452,1103,75.9641873278237,31,8,0,48,68,45,66.17647058823529,28,7,13,19,21,29,1,0,2.8745031953999995,42.705882352941174,0.9117647058823529,0.0,1.411764705882353
Marko Arnautović,Stoke City,34,5171,1161,895,77.08871662360033,72,22,11,44,134,77,57.46268656716418,58,27,32,17,49,33,1,0,11.080028552999998,34.14705882352941,2.1176470588235294,0.3235294117647059,1.2941176470588236
Erik Lamela,Tottenham Hotspur,34,5009,1117,827,74.03760071620412,59,18,5,64,76,36,47.368421052631575,75,23,18,12,71,46,9,0,5.872297199299999,32.85294117647059,1.7352941176470589,0.14705882352941177,1.8823529411764706
Dan Gosling,AFC Bournemouth,34,4943,1230,1029,83.65853658536585,40,11,3,28,59,34,57.6271186440678,75,22,26,29,46,48,4,0,3.0795959647000006,36.1764705882353,1.1764705882352942,0.08823529411764706,0.8235294117647058
Pape N''Diaye Souaré,Crystal Palace,34,4905,1685,1195,70.91988130563797,11,1,0,26,45,29,64.44444444444444,32,4,60,133,32,35,5,1,0.44084442079999997,49.55882352941177,0.3235294117647059,0.0,0.7647058823529411
Neil Taylor,Swansea City,34,4866,1639,1292,78.82855399633924,9,0,0,15,29,12,41.37931034482759,46,11,33,92,39,29,4,0,0.18414756680000002,48.205882352941174,0.2647058823529412,0.0,0.4411764705882353
Cheikhou Kouyaté,West Ham United,34,4818,1255,998,79.52191235059762,46,16,5,14,45,32,71.11111111111111,92,19,47,95,40,48,5,1,5.4474834229999995,36.911764705882355,1.3529411764705883,0.14705882352941177,0.4117647058823529
Wilfried Zaha,Crystal Palace,34,4554,699,488,69.8140200286123,33,10,2,35,198,119,60.1010101010101,49,25,37,14,43,102,3,0,2.4076369509999997,20.558823529411764,0.9705882352941176,0.058823529411764705,1.0294117647058822
Virgil van Dijk,Southampton,34,4457,1412,1186,83.9943342776204,29,8,3,8,13,10,76.92307692307693,66,11,69,292,31,14,2,0,2.999237514999999,41.529411764705884,0.8529411764705882,0.08823529411764706,0.23529411764705882
Dušan Tadić,Southampton,34,4421,1104,712,64.4927536231884,56,17,7,66,60,38,63.33333333333333,36,8,14,13,31,40,2,0,6.782875651999999,32.470588235294116,1.6470588235294117,0.20588235294117646,1.9411764705882353
José Salomón Rondón Giménez,West Bromwich Albion,34,4361,662,424,64.04833836858006,72,22,9,24,44,21,47.72727272727273,12,8,13,45,37,40,1,0,8.339465060100002,19.470588235294116,2.1176470588235294,0.2647058823529412,0.7058823529411765
Claudio Ariel Yacob,West Bromwich Albion,34,4212,1118,870,77.8175313059034,9,0,0,8,18,10,55.55555555555556,115,27,60,92,69,49,7,0,0.216381981,32.88235294117647,0.2647058823529412,0.0,0.23529411764705882
Aleksandar Mitrović,Newcastle United,34,4004,714,519,72.68907563025209,80,30,9,22,35,18,51.42857142857142,25,6,9,30,53,59,1,2,11.860970990000006,21.0,2.3529411764705883,0.2647058823529412,0.6470588235294118
Ayoze Pérez Gutiérrez,Newcastle United,34,3815,658,463,70.36474164133737,51,16,6,26,108,58,53.70370370370371,58,15,34,17,41,52,4,0,3.6851812935,19.352941176470587,1.5,0.17647058823529413,0.7647058823529411
Craig Gardner,West Bromwich Albion,34,3108,745,420,56.375838926174495,50,9,3,23,22,9,40.909090909090914,57,14,20,32,48,27,3,0,3.8926895690000007,21.91176470588235,1.4705882352941178,0.08823529411764706,0.6764705882352942
Gareth McAuley,West Bromwich Albion,34,3001,847,588,69.42148760330579,8,3,1,6,8,8,100.0,53,9,39,262,33,18,4,1,0.84951885,24.91176470588235,0.23529411764705882,0.029411764705882353,0.17647058823529413
Petr Čech,Arsenal,34,2563,1036,654,63.12741312741312,0,0,0,2,2,2,100.0,0,0,0,2,0,5,0,0,0.0,30.470588235294116,0.0,0.0,0.058823529411764705
Cameron Jerome,Norwich City,34,2503,434,269,61.9815668202765,49,11,3,6,39,15,38.46153846153847,14,3,4,12,37,11,2,0,7.300334360999999,12.764705882352942,1.4411764705882353,0.08823529411764706,0.17647058823529413
Simon Mignolet,Liverpool,34,2362,934,616,65.95289079229121,0,0,0,0,4,4,100.0,0,0,0,1,0,3,0,0,0.0,27.470588235294116,0.0,0.0,0.0
David de Gea Quintana,Manchester United,34,2353,956,596,62.34309623430963,0,0,0,0,0,0,0.0,0,0,0,1,0,0,0,0,0.0,28.11764705882353,0.0,0.0,0.0
Gareth Barry,Everton,33,6729,2098,1710,81.50619637750238,17,4,0,33,25,19,76.0,103,26,39,88,57,29,6,1,1.0755212150000002,63.57575757575758,0.5151515151515151,0.0,1.0
Fernando Luiz Rosa,Manchester City,33,6630,1894,1652,87.22280887011615,30,5,2,25,40,26,65.0,112,32,47,43,71,41,7,0,1.5848481539999995,57.39393939393939,0.9090909090909091,0.06060606060606061,0.7575757575757576
Etienne Capoue,Watford,33,5903,1595,1245,78.0564263322884,35,8,0,22,93,54,58.06451612903226,95,34,61,56,64,65,6,0,2.7560736758999997,48.333333333333336,1.0606060606060606,0.0,0.6666666666666666
Nathaniel Edwin Clyne,Liverpool,33,5837,1943,1520,78.22954194544519,31,6,1,28,32,18,56.25,75,11,35,94,21,26,5,0,2.3672014983000005,58.878787878787875,0.9393939393939394,0.030303030303030304,0.8484848484848485
Nemanja Matić,Chelsea,33,5543,1653,1429,86.44888082274652,34,8,2,14,33,27,81.81818181818183,88,19,47,58,38,22,5,1,2.3584048279999994,50.09090909090909,1.0303030303030303,0.06060606060606061,0.42424242424242425
Bamidele Alli,Tottenham Hotspur,33,5352,1094,810,74.04021937842778,73,29,10,47,106,42,39.62264150943396,64,17,32,35,55,75,5,0,8.398463296300003,33.15151515151515,2.212121212121212,0.30303030303030304,1.4242424242424243
Kyle Walker,Tottenham Hotspur,33,5273,1732,1315,75.92378752886836,20,7,1,32,48,20,41.66666666666667,89,18,65,112,33,33,5,0,0.9033615969999998,52.484848484848484,0.6060606060606061,0.030303030303030304,0.9696969696969697
Laurent Koscielny,Arsenal,33,5170,1671,1458,87.25314183123878,20,9,4,9,8,5,62.5,53,14,61,218,34,26,3,0,3.2021660299999994,50.63636363636363,0.6060606060606061,0.12121212121212122,0.2727272727272727
Yohan Cabaye,Crystal Palace,33,5092,1433,1111,77.52965806001396,69,21,5,48,39,19,48.717948717948715,102,18,89,21,49,41,7,0,6.584582770599997,43.42424242424242,2.090909090909091,0.15151515151515152,1.4545454545454546
John Stones,Everton,33,4985,1596,1414,88.59649122807018,8,1,0,4,18,11,61.111111111111114,44,9,36,118,13,31,3,0,0.685919156,48.36363636363637,0.24242424242424243,0.0,0.12121212121212122
Branislav Ivanović,Chelsea,33,4726,1569,1276,81.32568514977693,28,5,2,12,18,9,50.0,75,26,44,131,39,24,5,0,2.2640555568000003,47.54545454545455,0.8484848484848485,0.06060606060606061,0.36363636363636365
Patrick van Aanholt,Sunderland,33,4525,1417,1044,73.67678193366267,46,10,4,26,66,41,62.121212121212125,82,28,52,72,18,16,1,0,2.3924948018000003,42.93939393939394,1.393939393939394,0.12121212121212122,0.7878787878787878
Chancel Mbemba Mangulu,Newcastle United,33,3971,1162,909,78.22719449225474,12,2,0,4,26,20,76.92307692307693,81,19,63,285,22,12,5,0,1.240383622,35.21212121212121,0.36363636363636365,0.0,0.12121212121212122
Jermain Defoe,Sunderland,33,3154,439,319,72.66514806378133,88,39,15,18,43,20,46.51162790697674,22,5,5,1,19,39,0,0,13.2098756745,13.303030303030303,2.6666666666666665,0.45454545454545453,0.5454545454545454
Bafétimbi Gomis,Swansea City,33,2782,499,398,79.75951903807615,59,17,6,14,47,32,68.08510638297872,11,2,4,17,23,26,0,0,7.6276042785,15.121212121212121,1.7878787878787878,0.18181818181818182,0.42424242424242425
James Ward-Prowse,Southampton,33,2700,807,615,76.2081784386617,29,8,2,27,14,10,71.42857142857143,16,4,10,33,29,9,4,0,2.2664223095000002,24.454545454545453,0.8787878787878788,0.06060606060606061,0.8181818181818182
Gnégnéri Yaya Touré,Manchester City,32,6302,1869,1596,85.39325842696628,74,22,6,40,62,44,70.96774193548387,42,8,15,42,38,37,3,0,5.880840277,58.40625,2.3125,0.1875,1.25
Ashley Westwood,Aston Villa,32,5463,1626,1302,80.07380073800738,38,10,2,40,27,16,59.25925925925925,56,16,36,46,40,16,6,0,2.0975800909999998,50.8125,1.1875,0.0625,1.25
Federico Fernández,Swansea City,32,5442,1745,1473,84.41260744985674,17,1,1,8,5,4,80.0,68,24,49,222,39,23,3,0,1.7145470079999998,54.53125,0.53125,0.03125,0.25
Alberto Moreno Pérez,Liverpool,32,5278,1743,1364,78.25588066551921,34,8,1,54,44,23,52.27272727272727,85,17,43,72,35,23,3,0,1.4703509806,54.46875,1.0625,0.03125,1.6875
Daryl Janmaat,Newcastle United,32,5187,1731,1264,73.0213749277874,21,8,2,22,67,46,68.65671641791045,91,16,31,111,34,8,5,1,1.2038169733999997,54.09375,0.65625,0.0625,0.6875
Ryan Bertrand,Southampton,32,4653,1565,1170,74.76038338658148,13,3,1,19,44,20,45.45454545454545,52,9,47,99,36,29,5,0,1.2763177975000002,48.90625,0.40625,0.03125,0.59375
Christian Fuchs,Leicester City,32,4609,1665,1128,67.74774774774774,19,8,0,43,17,11,64.70588235294117,101,31,73,152,38,12,3,0,1.0004570380000002,52.03125,0.59375,0.0,1.34375
Almen Abdi,Watford,32,3953,1020,814,79.80392156862746,39,10,2,30,21,15,71.42857142857143,85,22,20,25,42,27,4,0,2.3587584059999998,31.875,1.21875,0.0625,0.9375
Allan Romeo Nyom,Watford,32,3766,1228,803,65.39087947882736,7,1,0,7,36,22,61.111111111111114,95,34,31,92,38,28,7,0,0.33933418270000004,38.375,0.21875,0.0,0.21875
Damien Delaney,Crystal Palace,32,3356,1072,785,73.22761194029852,21,5,2,5,4,4,100.0,41,8,38,219,23,15,2,0,2.492365992,33.5,0.65625,0.0625,0.15625
Joleon Lescott,Aston Villa,32,3270,1043,828,79.38638542665389,11,4,2,4,10,9,90.0,44,14,36,232,23,8,2,0,1.5410286779999998,32.59375,0.34375,0.0625,0.125
Sébastien Aymar Bassong Nguena,Norwich City,32,2961,950,737,77.57894736842104,20,2,1,2,13,12,92.3076923076923,28,11,24,233,27,22,4,0,1.8467606960000003,29.6875,0.625,0.03125,0.0625
Rudy Gestede,Aston Villa,32,2576,594,348,58.58585858585859,63,20,5,11,20,13,65.0,10,3,3,24,25,14,1,0,5.2393686499999985,18.5625,1.96875,0.15625,0.34375
Adrián San Miguel del Castillo,West Ham United,32,2487,998,556,55.71142284569138,0,0,0,0,1,1,100.0,0,0,0,4,1,2,0,1,0.0,31.1875,0.0,0.0,0.0
Artur Boruc,AFC Bournemouth,32,2191,913,576,63.088718510405265,0,0,0,2,1,1,100.0,0,0,1,2,1,2,0,0,0.0,28.53125,0.0,0.0,0.0625
Aaron Ramsey,Arsenal,31,8052,2197,1855,84.43331816112881,67,20,5,34,68,41,60.29411764705882,88,23,32,31,61,57,3,0,7.420695429799999,70.87096774193549,2.161290322580645,0.16129032258064516,1.096774193548387
Eden Hazard,Chelsea,31,5711,1476,1248,84.5528455284553,36,14,4,62,111,75,67.56756756756756,21,8,13,4,17,80,2,0,2.394681989,47.61290322580645,1.1612903225806452,0.12903225806451613,2.0
Jason Puncheon,Crystal Palace,31,5345,1408,1046,74.28977272727273,53,15,2,54,83,52,62.65060240963856,57,15,19,23,43,40,3,0,3.5759572955000003,45.41935483870968,1.7096774193548387,0.06451612903225806,1.7419354838709677
Anthony Martial,Manchester United,31,5160,938,713,76.01279317697228,57,24,11,32,136,73,53.67647058823529,35,12,14,22,39,64,2,0,6.901340182499998,30.258064516129032,1.8387096774193548,0.3548387096774194,1.032258064516129
Roberto Firmino Barbosa de Oliveira,Liverpool,31,4845,1045,778,74.44976076555024,65,26,10,37,90,55,61.111111111111114,74,18,13,11,32,23,0,0,7.351758690399998,33.70967741935484,2.096774193548387,0.3225806451612903,1.1935483870967742
Ibrahim Afellay,Stoke City,31,4790,1331,1146,86.10067618332081,39,9,2,19,59,40,67.79661016949152,28,9,11,13,25,42,3,0,2.2133037750000004,42.935483870967744,1.2580645161290323,0.06451612903225806,0.6129032258064516
Leandro Bacuna,Aston Villa,31,4585,1389,1034,74.44204463642909,32,8,1,17,52,29,55.769230769230774,59,11,29,66,40,15,6,0,1.4977175494000001,44.806451612903224,1.032258064516129,0.03225806451612903,0.5483870967741935
Adam Smith,AFC Bournemouth,31,4397,1274,1045,82.02511773940346,15,4,2,14,56,35,62.5,67,22,27,49,38,55,3,0,0.5216790726,41.096774193548384,0.4838709677419355,0.06451612903225806,0.45161290322580644
Raheem Sterling,Manchester City,31,4157,904,727,80.42035398230088,51,21,6,33,83,48,57.831325301204814,34,14,28,7,27,58,0,0,6.411888004999999,29.161290322580644,1.6451612903225807,0.1935483870967742,1.064516129032258
Philipp Wollscheid,Stoke City,31,3895,1199,1009,84.1534612176814,3,0,0,4,9,8,88.88888888888889,80,13,66,198,21,19,1,0,0.134113701,38.67741935483871,0.0967741935483871,0.0,0.12903225806451613
Joshua King,AFC Bournemouth,31,3480,457,338,73.96061269146608,56,21,6,21,103,57,55.33980582524271,33,14,10,19,36,31,1,0,5.836289980000003,14.741935483870968,1.8064516129032258,0.1935483870967742,0.6774193548387096
Lee Cattermole,Sunderland,31,3364,970,729,75.15463917525773,10,1,0,20,19,14,73.68421052631578,57,16,36,38,47,20,7,0,0.671550593,31.29032258064516,0.3225806451612903,0.0,0.6451612903225806
Saido Berahino,West Bromwich Albion,31,2642,473,356,75.26427061310783,36,10,4,18,44,30,68.18181818181817,19,7,8,7,20,28,0,0,6.222151514000001,15.258064516129032,1.1612903225806452,0.12903225806451613,0.5806451612903226
Jack Butland,Stoke City,31,2495,1013,551,54.3928923988154,0,0,0,1,1,1,100.0,0,0,0,0,1,2,0,0,0.0,32.67741935483871,0.0,0.0,0.03225806451612903
Alexis Alejandro Sánchez Sánchez,Arsenal,30,6455,1488,1141,76.68010752688173,111,40,13,53,165,103,62.42424242424243,39,13,14,6,37,79,0,0,11.263074479399995,49.6,3.7,0.43333333333333335,1.7666666666666666
Emre Can,Liverpool,30,6162,1782,1456,81.70594837261504,31,13,1,26,57,40,70.17543859649122,89,26,45,51,50,36,8,0,2.1141365590000007,59.4,1.0333333333333334,0.03333333333333333,0.8666666666666667
Dimitri Payet,West Ham United,30,5501,1572,1103,70.16539440203562,69,27,9,100,110,75,68.18181818181817,30,10,18,4,15,45,1,0,5.067430367299998,52.4,2.3,0.3,3.3333333333333335
Nicolás Hernán Otamendi,Manchester City,30,5116,1561,1344,86.09865470852019,28,7,1,4,11,8,72.72727272727273,89,22,83,225,35,30,9,0,1.3754811239,52.03333333333333,0.9333333333333333,0.03333333333333333,0.13333333333333333
Victor Wanyama,Southampton,30,5008,1389,1141,82.14542836573074,31,5,1,12,43,30,69.76744186046511,89,26,43,82,69,35,6,3,1.7942775163,46.3,1.0333333333333334,0.03333333333333333,0.4
Jonjo Shelvey,Swansea City,30,5001,1593,1231,77.27558066541117,57,16,1,39,52,37,71.15384615384616,39,10,38,24,30,12,6,0,2.7052369762999997,53.1,1.9,0.03333333333333333,1.3
Jordan Ayew,Aston Villa,30,4963,824,647,78.51941747572816,61,21,7,14,158,85,53.79746835443038,43,13,18,11,53,49,5,1,5.245550229499998,27.466666666666665,2.033333333333333,0.23333333333333334,0.4666666666666667
Wes Hoolahan,Norwich City,30,4723,1180,938,79.49152542372882,26,8,4,38,57,33,57.89473684210527,32,8,15,6,22,48,1,0,3.5316950506000007,39.333333333333336,0.8666666666666667,0.13333333333333333,1.2666666666666666
Adam David Lallana,Liverpool,30,4656,1046,817,78.10707456978967,42,16,4,44,73,43,58.9041095890411,61,20,17,34,33,36,0,0,3.8857538350000005,34.86666666666667,1.4,0.13333333333333333,1.4666666666666666
Sergio Leonel Agüero del Castillo,Manchester City,30,4349,740,611,82.56756756756756,118,51,24,24,111,64,57.65765765765766,22,7,9,1,22,46,1,0,17.6730739255,24.666666666666668,3.933333333333333,0.8,0.8
Joel Ward,Crystal Palace,30,4108,1328,982,73.94578313253012,17,6,2,13,31,17,54.83870967741935,66,13,47,120,45,32,4,0,1.1574704390000001,44.266666666666666,0.5666666666666667,0.06666666666666667,0.43333333333333335
Geoff Cameron,Stoke City,30,3989,1187,905,76.24262847514743,16,2,0,9,31,21,67.74193548387096,50,14,53,126,29,14,0,1,0.908820533,39.56666666666667,0.5333333333333333,0.0,0.3
Graziano Pellè,Southampton,30,3988,889,574,64.56692913385827,82,26,11,26,29,14,48.275862068965516,11,3,6,28,44,34,5,0,7.720267611,29.633333333333333,2.7333333333333334,0.36666666666666664,0.8666666666666667
Russell Martin,Norwich City,30,3800,1332,973,73.04804804804806,19,5,3,9,10,1,10.0,40,4,35,195,32,8,3,1,1.6694203539999997,44.4,0.6333333333333333,0.1,0.3
Jonathan Grant Evans,West Bromwich Albion,30,3434,1101,796,72.29791099000909,9,1,1,5,22,17,77.27272727272727,83,16,53,155,33,20,2,0,2.0259355855,36.7,0.3,0.03333333333333333,0.16666666666666666
Danny Simpson,Leicester City,30,3402,1203,850,70.65669160432253,7,2,0,6,17,10,58.82352941176471,50,8,61,149,32,13,4,1,0.830563433,40.1,0.23333333333333334,0.0,0.2
Mousa Sidi Yaya Dembélé,Tottenham Hotspur,29,5332,1383,1238,89.51554591467824,22,9,3,25,101,81,80.19801980198021,107,34,39,36,57,48,1,0,1.7568571145000005,47.689655172413794,0.7586206896551724,0.10344827586206896,0.8620689655172413
Aleksandar Kolarov,Manchester City,29,5145,1774,1339,75.47914317925591,41,10,3,35,43,21,48.837209302325576,33,4,25,87,24,32,2,0,1.8921825559999996,61.172413793103445,1.4137931034482758,0.10344827586206896,1.206896551724138
Morgan Schneiderlin,Manchester United,29,4971,1484,1321,89.01617250673854,11,1,1,9,26,19,73.07692307692307,68,8,63,51,60,18,3,0,1.210289647,51.172413793103445,0.3793103448275862,0.034482758620689655,0.3103448275862069
James McCarthy,Everton,29,4817,1389,1195,86.03311735061196,17,8,2,14,16,9,56.25,82,20,34,55,48,36,6,1,1.017741553,47.89655172413793,0.5862068965517241,0.06896551724137931,0.4827586206896552
Jan Vertonghen,Tottenham Hotspur,29,4539,1526,1335,87.48361730013107,9,1,0,5,10,10,100.0,48,12,28,161,21,24,4,0,0.674199291,52.62068965517241,0.3103448275862069,0.0,0.1724137931034483
Pedro Eliezer Rodríguez Ledesma,Chelsea,29,4498,1049,835,79.59961868446139,59,15,7,39,99,59,59.59595959595959,41,12,14,6,26,58,3,0,5.978802856,36.172413793103445,2.0344827586206895,0.2413793103448276,1.3448275862068966
Jack Colback,Newcastle United,29,4120,1175,965,82.12765957446808,16,4,1,17,20,14,70.0,92,19,43,59,64,48,9,0,1.021766656,40.51724137931034,0.5517241379310345,0.034482758620689655,0.5862068965517241
Memphis Depay,Manchester United,29,3239,751,547,72.83621837549934,56,16,2,12,66,33,50.0,12,2,8,10,22,39,1,0,4.381855249300001,25.896551724137932,1.9310344827586208,0.06896551724137931,0.41379310344827586
Oriol Romeu Vidal,Southampton,29,3089,830,701,84.4578313253012,29,8,1,11,27,19,70.37037037037037,80,25,26,31,33,22,7,0,2.50753823,28.620689655172413,1.0,0.034482758620689655,0.3793103448275862
Dieumerci Mbokani Bezua,Norwich City,29,2805,472,329,69.70338983050848,37,17,7,21,39,25,64.1025641025641,17,8,5,23,18,51,0,0,6.0242896550000005,16.275862068965516,1.2758620689655173,0.2413793103448276,0.7241379310344828
Christian Benteke Liolo,Liverpool,29,2480,493,344,69.77687626774848,64,18,9,23,21,11,52.38095238095239,12,6,3,14,32,27,2,0,11.003690723,17.0,2.206896551724138,0.3103448275862069,0.7931034482758621
José Leonardo Ulloa,Leicester City,29,2119,396,280,70.70707070707071,33,10,6,9,30,17,56.666666666666664,26,7,2,22,21,19,0,0,6.423967905,13.655172413793103,1.1379310344827587,0.20689655172413793,0.3103448275862069
Wayne Hennessey,Crystal Palace,29,2064,869,431,49.59723820483315,0,0,0,0,0,0,0.0,0,0,0,0,0,0,0,0,0.0,29.96551724137931,0.0,0.0,0.0
James Philip Milner,Liverpool,28,5758,1610,1172,72.79503105590062,39,12,5,50,41,21,51.21951219512195,60,15,26,33,53,37,10,1,3.9768661795999996,57.5,1.3928571428571428,0.17857142857142858,1.7857142857142858
Bacary Sagna,Manchester City,28,5519,1984,1624,81.85483870967742,4,2,0,27,17,9,52.94117647058824,52,10,24,118,20,16,3,0,0.195271581,70.85714285714286,0.14285714285714285,0.0,0.9642857142857143
Wayne Mark Rooney,Manchester United,28,4815,1195,955,79.9163179916318,71,24,8,35,50,30,60.0,26,8,9,15,34,22,4,0,6.894919052700004,42.67857142857143,2.5357142857142856,0.2857142857142857,1.25
Séamus Coleman,Everton,28,4675,1398,1125,80.47210300429185,26,6,1,13,72,41,56.94444444444444,65,29,36,67,23,32,4,0,1.7228314895,49.92857142857143,0.9285714285714286,0.03571428571428571,0.4642857142857143
Diego da Silva Costa,Chelsea,28,4531,818,642,78.4841075794621,70,29,12,20,104,47,45.19230769230769,29,10,5,22,50,59,6,0,11.809203979,29.214285714285715,2.5,0.42857142857142855,0.7142857142857143
José Ramiro Funes Mori,Everton,28,4084,1299,1085,83.52578906851424,24,8,4,5,11,5,45.45454545454545,42,9,53,201,11,12,3,1,2.0404576734,46.392857142857146,0.8571428571428571,0.14285714285714285,0.17857142857142858
Sung-Yeung Ki,Swansea City,28,4046,1189,1074,90.32800672834314,24,6,2,21,20,13,65.0,31,3,18,23,23,26,3,0,2.258054573999999,42.464285714285715,0.8571428571428571,0.07142857142857142,0.75
James McArthur,Crystal Palace,28,3923,1067,900,84.34864104967198,16,5,2,19,33,20,60.60606060606061,51,16,38,29,45,29,5,0,1.1789362576,38.107142857142854,0.5714285714285714,0.07142857142857142,0.6785714285714286
Alan Hutton,Aston Villa,28,3796,1232,876,71.1038961038961,11,2,0,23,24,11,45.83333333333333,60,13,25,69,30,38,6,1,0.556799228,44.0,0.39285714285714285,0.0,0.8214285714285714
Vurnon Anita,Newcastle United,28,3720,1134,864,76.19047619047619,8,2,1,9,24,13,54.166666666666664,80,16,39,59,34,15,6,0,0.285804582,40.5,0.2857142857142857,0.03571428571428571,0.32142857142857145
Matteo Darmian,Manchester United,28,3644,1157,908,78.47882454624028,7,1,1,11,19,10,52.63157894736842,88,27,37,74,31,23,8,0,0.18171003400000002,41.32142857142857,0.25,0.03571428571428571,0.39285714285714285
Shane Long,Southampton,28,3418,649,418,64.40677966101694,63,25,10,30,29,12,41.37931034482759,24,8,15,18,42,45,2,0,7.984430635499997,23.178571428571427,2.25,0.35714285714285715,1.0714285714285714
Wayne Routledge,Swansea City,28,3203,722,501,69.39058171745152,18,9,2,27,42,24,57.14285714285714,28,12,11,12,30,28,3,0,2.7345394620000003,25.785714285714285,0.6428571428571429,0.07142857142857142,0.9642857142857143
Ikechi Anya,Watford,28,2799,866,620,71.59353348729792,10,1,0,15,28,17,60.71428571428571,16,3,17,41,3,20,0,0,0.7347301659999997,30.928571428571427,0.35714285714285715,0.0,0.5357142857142857
Heung-Min Son,Tottenham Hotspur,28,2264,455,359,78.9010989010989,38,13,4,17,49,24,48.97959183673469,30,10,8,6,14,15,0,0,3.851927903,16.25,1.3571428571428572,0.14285714285714285,0.6071428571428571
Bradley Guzan,Aston Villa,28,2095,840,486,57.85714285714286,0,0,0,1,0,0,0.0,0,0,0,0,0,3,0,0,0.0,30.0,0.0,0.0,0.03571428571428571
John O''Shea,Sunderland,28,1929,611,448,73.32242225859247,8,3,0,1,1,1,100.0,32,4,31,175,23,12,2,0,0.43619523600000004,21.821428571428573,0.2857142857142857,0.0,0.03571428571428571
Theo Walcott,Arsenal,28,1842,333,249,74.77477477477478,46,22,5,13,48,26,54.166666666666664,12,5,9,9,3,28,0,0,6.700536241,11.892857142857142,1.6428571428571428,0.17857142857142858,0.4642857142857143
Jonas Olsson,West Bromwich Albion,28,1818,575,399,69.3913043478261,6,2,1,3,3,2,66.66666666666666,18,2,18,165,23,8,4,0,1.06203607,20.535714285714285,0.21428571428571427,0.03571428571428571,0.10714285714285714
Nacer Chadli,Tottenham Hotspur,28,1767,388,315,81.18556701030928,26,7,3,19,34,13,38.23529411764706,12,0,7,12,17,8,0,0,2.5992438728,13.857142857142858,0.9285714285714286,0.10714285714285714,0.6785714285714286
Lucas Pezzini Leiva,Liverpool,27,4795,1478,1239,83.82949932341002,10,3,0,20,20,16,80.0,98,17,32,65,60,21,7,0,0.553640256,54.74074074074074,0.37037037037037035,0.0,0.7407407407407407
Michael Carrick,Manchester United,27,4738,1562,1353,86.61971830985915,7,1,0,8,12,7,58.333333333333336,43,7,37,46,16,19,4,0,0.30545537500000003,57.851851851851855,0.25925925925925924,0.0,0.2962962962962963
Oscar dos Santos Emboaba Júnior,Chelsea,27,4334,1096,882,80.47445255474453,51,15,3,27,74,39,52.702702702702695,63,13,15,20,22,42,4,0,5.109910107699999,40.592592592592595,1.8888888888888888,0.1111111111111111,1.0
Kyle Naughton,Swansea City,27,4125,1388,1082,77.95389048991355,9,2,0,16,22,11,50.0,48,7,19,66,24,22,2,1,0.408008469,51.407407407407405,0.3333333333333333,0.0,0.5925925925925926
José Manuel Jurado Marín,Watford,27,4097,1035,831,80.28985507246377,36,10,0,39,86,52,60.46511627906976,34,12,17,9,15,44,2,0,1.5850886101000001,38.333333333333336,1.3333333333333333,0.0,1.4444444444444444
Ander Herrera Agüera,Manchester United,27,4070,1122,919,81.90730837789661,24,6,3,20,35,21,60.0,57,14,25,27,31,29,3,0,2.8249739285000004,41.55555555555556,0.8888888888888888,0.1111111111111111,0.7407407407407407
Xherdan Shaqiri,Stoke City,27,3504,835,577,69.10179640718563,39,12,3,43,86,42,48.837209302325576,19,3,11,5,30,33,2,0,2.4633686411,30.925925925925927,1.4444444444444444,0.1111111111111111,1.5925925925925926
Bojan Krkíc Pérez,Stoke City,27,3343,758,609,80.34300791556728,37,15,7,26,88,44,50.0,11,4,12,4,10,35,1,0,4.829386597400001,28.074074074074073,1.3703703703703705,0.25925925925925924,0.9629629629629629
Gary O''Neil,Norwich City,27,3330,977,734,75.1279426816786,11,0,0,8,33,22,66.66666666666666,57,15,31,53,43,19,7,1,0.685513635,36.18518518518518,0.4074074074074074,0.0,0.2962962962962963
Angelo Obinze Ogbonna,West Ham United,27,3022,954,759,79.55974842767296,6,0,0,2,9,6,66.66666666666666,48,13,46,172,23,17,4,0,0.514565924,35.333333333333336,0.2222222222222222,0.0,0.07407407407407407
Jonathan Walters,Stoke City,27,2704,537,343,63.87337057728119,33,13,5,19,34,16,47.05882352941176,9,0,10,19,14,26,1,0,5.530523288,19.88888888888889,1.2222222222222223,0.18518518518518517,0.7037037037037037
Mile Jedinak,Crystal Palace,27,2689,828,604,72.94685990338165,14,1,0,9,6,5,83.33333333333334,55,12,41,81,43,19,4,0,0.904806273,30.666666666666668,0.5185185185185185,0.0,0.3333333333333333
Jordon Ibe,Liverpool,27,2429,559,442,79.06976744186046,30,6,1,18,77,44,57.14285714285714,13,3,5,2,13,17,0,0,1.2689323965000001,20.703703703703702,1.1111111111111112,0.037037037037037035,0.6666666666666666
John Ruddy,Norwich City,27,2189,905,504,55.69060773480663,0,0,0,0,1,1,100.0,0,0,0,1,0,2,0,0,0.0,33.51851851851852,0.0,0.0,0.0
Andy Carroll,West Ham United,27,2181,433,266,61.43187066974596,55,22,9,14,22,10,45.45454545454545,9,3,5,31,43,29,2,0,6.2845613779999985,16.037037037037038,2.037037037037037,0.3333333333333333,0.5185185185185185
Philippe Coutinho Correia,Liverpool,26,4735,1147,872,76.02441150828247,111,29,8,43,93,51,54.83870967741935,32,10,24,8,14,38,2,1,7.128245856100003,44.11538461538461,4.269230769230769,0.3076923076923077,1.6538461538461537
Manuel Lanzini,West Ham United,26,4269,1119,969,86.59517426273459,48,10,5,32,86,51,59.30232558139535,36,6,25,5,13,39,2,0,3.4465426719999996,43.03846153846154,1.8461538461538463,0.19230769230769232,1.2307692307692308
Francis Joseph Coquelin,Arsenal,26,3862,1104,988,89.4927536231884,9,0,0,6,36,30,83.33333333333334,78,14,52,29,33,36,6,1,0.2358031105,42.46153846153846,0.34615384615384615,0.0,0.23076923076923078
Yannick Bolasie Yala,Crystal Palace,26,3505,653,402,61.56202143950995,58,26,5,23,135,73,54.074074074074076,26,12,10,28,32,40,2,0,4.3318376392,25.115384615384617,2.230769230769231,0.19230769230769232,0.8846153846153846
Michail Antonio,West Ham United,26,3383,708,460,64.97175141242938,56,20,8,19,94,59,62.76595744680851,50,13,51,60,27,37,3,0,5.604933744000001,27.23076923076923,2.1538461538461537,0.3076923076923077,0.7307692307692307
Fabio Borini,Sunderland,26,3118,600,398,66.33333333333333,49,18,5,15,40,17,42.5,32,5,26,30,32,52,6,0,4.822003409999998,23.076923076923077,1.8846153846153846,0.19230769230769232,0.5769230769230769
Fabricio Coloccini,Newcastle United,26,2826,856,722,84.34579439252336,10,2,1,3,8,7,87.5,45,11,30,124,13,8,2,1,1.049790611,32.92307692307692,0.38461538461538464,0.038461538461538464,0.11538461538461539
Gerard Deulofeu Lázaro,Everton,26,2796,691,428,61.93921852387844,12,8,2,28,66,36,54.54545454545454,14,10,14,3,4,17,1,0,1.5518586585,26.576923076923077,0.46153846153846156,0.07692307692307693,1.0769230769230769
Marc Pugh,AFC Bournemouth,26,2494,555,407,73.33333333333333,22,9,3,12,60,28,46.666666666666664,30,8,12,16,12,28,1,0,2.6839683620000003,21.346153846153847,0.8461538461538461,0.11538461538461539,0.46153846153846156
Scott Sinclair,Aston Villa,26,2108,354,285,80.50847457627118,17,7,2,4,62,33,53.2258064516129,17,4,7,2,5,23,0,0,3.115692275,13.615384615384615,0.6538461538461539,0.07692307692307693,0.15384615384615385
Wilfried Guemiand Bony,Manchester City,26,2011,398,317,79.64824120603015,61,18,4,8,25,15,60.0,10,3,2,8,18,23,2,0,7.280474771000003,15.307692307692308,2.3461538461538463,0.15384615384615385,0.3076923076923077
Kelechi Promise Iheanacho,Manchester City,26,1715,349,268,76.79083094555874,29,12,8,12,17,15,88.23529411764706,16,5,4,6,20,6,0,0,5.051744737999999,13.423076923076923,1.1153846153846154,0.3076923076923077,0.46153846153846156
Mame Biram Diouf,Stoke City,26,1670,272,199,73.16176470588235,32,15,5,7,21,12,57.14285714285714,18,4,8,17,23,28,2,0,4.856480782,10.461538461538462,1.2307692307692308,0.19230769230769232,0.2692307692307692
Kevin De Bruyne,Manchester City,25,4897,1314,946,71.99391171993912,48,24,7,69,73,43,58.9041095890411,30,7,18,15,20,23,1,0,4.502264549000001,52.56,1.92,0.28,2.76
John Michael Nchekwube Obinna,Chelsea,25,4099,1226,1115,90.94616639477977,7,1,0,4,18,15,83.33333333333334,55,12,35,43,41,15,5,0,0.9143812689999999,49.04,0.28,0.0,0.16
Jordan Veretout,Aston Villa,25,3798,1090,854,78.34862385321101,20,7,0,35,14,11,78.57142857142857,33,9,14,26,26,28,4,0,1.2621545959999998,43.6,0.8,0.0,1.4
Glen Johnson,Stoke City,25,3672,1205,945,78.42323651452283,18,5,0,16,72,38,52.77777777777778,46,11,30,41,14,12,1,0,1.0325343230000001,48.2,0.72,0.0,0.64
Leon Britton,Swansea City,25,3416,1002,884,88.22355289421158,5,0,0,4,21,16,76.19047619047619,42,9,42,23,15,22,4,0,0.127162849,40.08,0.2,0.0,0.16
Jesse Lingard,Manchester United,25,3301,771,635,82.36057068741893,31,13,4,14,35,12,34.285714285714285,39,7,20,13,27,23,3,0,3.1945610810000002,30.84,1.24,0.16,0.56
Stéphane Sessègnon,West Bromwich Albion,25,2990,638,463,72.5705329153605,28,8,2,26,84,50,59.523809523809526,21,8,18,15,22,59,0,0,1.2507088880000001,25.52,1.12,0.08,1.04
James Tomkins,West Ham United,25,2851,963,747,77.57009345794393,8,1,0,10,9,5,55.55555555555556,67,8,21,129,18,16,3,0,0.5013403207,38.52,0.32,0.0,0.4
Arouna Koné,Everton,25,2756,592,495,83.61486486486487,37,14,5,9,57,33,57.89473684210527,29,11,10,10,19,18,0,0,4.593095740000002,23.68,1.48,0.2,0.36
Aaron Lennon,Everton,25,2336,516,402,77.90697674418605,18,11,5,21,39,19,48.717948717948715,30,8,14,12,16,26,1,0,1.9527292089999997,20.64,0.72,0.2,0.84
Tim Howard,Everton,25,1971,805,554,68.81987577639752,0,0,0,0,1,1,100.0,0,0,0,2,2,2,1,0,0.0,32.2,0.0,0.0,0.0
Andrew Philip King,Leicester City,25,1630,488,375,76.84426229508196,19,4,2,8,10,5,50.0,19,6,9,35,8,9,2,0,2.099677588,19.52,0.76,0.08,0.32
David Josué Jiménez Silva,Manchester City,24,5147,1488,1226,82.39247311827957,29,4,2,50,50,31,62.0,38,10,18,5,22,39,1,0,2.8350089499999997,62.0,1.2083333333333333,0.08333333333333333,2.0833333333333335
Danny Rose,Tottenham Hotspur,24,4417,1433,1077,75.15701325889742,26,4,1,20,52,27,51.92307692307693,70,21,32,78,42,50,6,0,0.8995505093,59.708333333333336,1.0833333333333333,0.041666666666666664,0.8333333333333334
Cédric Ricardo Alves Soares,Southampton,24,3681,1155,771,66.75324675324676,10,1,0,23,37,28,75.67567567567568,69,13,21,73,23,16,3,0,0.29418663200000006,48.125,0.4166666666666667,0.0,0.9583333333333334
Per Mertesacker,Arsenal,24,3443,1238,1116,90.14539579967689,8,2,0,1,2,2,100.0,20,2,16,136,8,9,1,1,1.2366225780000002,51.583333333333336,0.3333333333333333,0.0,0.041666666666666664
Fernando Francisco Reges,Manchester City,24,3289,910,809,88.90109890109889,16,6,2,5,22,20,90.9090909090909,61,12,46,36,33,16,4,0,2.7646557860000005,37.916666666666664,0.6666666666666666,0.08333333333333333,0.20833333333333334
Dejan Lovren,Liverpool,24,3211,1078,917,85.06493506493507,22,6,0,8,3,2,66.66666666666666,38,6,26,169,24,13,2,0,1.5049366940000004,44.916666666666664,0.9166666666666666,0.0,0.3333333333333333
Billy Jones,Sunderland,24,2825,847,588,69.42148760330579,13,4,1,10,17,12,70.58823529411765,81,10,19,59,39,15,8,0,1.8214269679999997,35.291666666666664,0.5416666666666666,0.041666666666666664,0.4166666666666667
Nathan Aké,Watford,24,2727,905,615,67.95580110497238,17,5,1,7,12,7,58.333333333333336,79,8,24,112,31,12,3,1,1.83155637,37.708333333333336,0.7083333333333334,0.041666666666666664,0.2916666666666667
Winston Reid,West Ham United,24,2724,826,691,83.65617433414043,18,5,1,4,2,2,100.0,49,19,41,177,24,29,5,0,1.5801049459999998,34.416666666666664,0.75,0.041666666666666664,0.16666666666666666
Micah Richards,Aston Villa,24,2609,783,654,83.5249042145594,14,2,1,6,30,22,73.33333333333333,43,14,28,131,17,31,1,0,1.712012016,32.625,0.5833333333333334,0.041666666666666664,0.25
John Terry,Chelsea,24,2530,933,853,91.42550911039658,10,2,1,3,3,1,33.33333333333333,28,2,27,120,10,6,1,2,1.154272665,38.875,0.4166666666666667,0.041666666666666664,0.125
Miguel Ángel Britos Cabrera,Watford,24,2374,772,529,68.52331606217616,7,0,0,0,8,7,87.5,30,3,27,178,21,18,7,0,0.6520756639999999,32.166666666666664,0.2916666666666667,0.0,0.0
Jeffrey Schlupp,Leicester City,24,2259,557,390,70.01795332136446,25,6,1,15,49,31,63.26530612244898,47,7,13,29,18,25,2,0,2.136310598,23.208333333333332,1.0416666666666667,0.041666666666666664,0.625
Martin Olsson,Norwich City,24,2238,723,446,61.68741355463347,7,6,1,6,16,6,37.5,35,5,28,78,28,20,2,0,0.213022623,30.125,0.2916666666666667,0.041666666666666664,0.25
Àngel Rangel Zaragoza,Swansea City,23,4382,1584,1268,80.05050505050505,14,0,0,13,22,14,63.63636363636363,41,12,36,91,18,17,4,0,0.6835989456,68.8695652173913,0.6086956521739131,0.0,0.5652173913043478
Alexander Banor Tettey,Norwich City,23,3506,1097,920,83.86508659981769,20,3,2,6,24,19,79.16666666666666,51,13,16,67,47,11,10,0,0.8520836592000003,47.69565217391305,0.8695652173913043,0.08695652173913043,0.2608695652173913
Eliaquim Mangala,Manchester City,23,3229,1011,894,88.4272997032641,6,2,0,0,8,6,75.0,37,7,33,129,41,8,8,0,0.787040998,43.95652173913044,0.2608695652173913,0.0,0.0
Carles Gil de Pareja Vicent,Aston Villa,23,3193,809,655,80.96415327564895,18,5,2,22,63,37,58.730158730158735,23,7,7,8,8,31,2,0,1.017689849,35.17391304347826,0.782608695652174,0.08695652173913043,0.9565217391304348
Paul Dummett,Newcastle United,23,2610,880,633,71.93181818181819,5,1,1,3,6,6,100.0,60,6,27,123,17,11,3,0,0.335921315,38.26086956521739,0.21739130434782608,0.043478260869565216,0.13043478260869565
DeAndre Yedlin,Sunderland,23,2549,797,522,65.49560853199499,4,1,0,11,41,23,56.09756097560976,42,7,26,75,30,13,3,0,0.461094879,34.65217391304348,0.17391304347826086,0.0,0.4782608695652174
Steven Naismith,Norwich City,23,2473,506,371,73.3201581027668,26,8,4,18,31,11,35.483870967741936,25,6,14,9,31,43,2,0,3.2095645929999996,22.0,1.1304347826086956,0.17391304347826086,0.782608695652174
Gary Cahill,Chelsea,23,2459,743,643,86.54104979811575,14,3,2,2,4,4,100.0,31,5,17,150,24,20,2,0,1.0839289879999998,32.30434782608695,0.6086956521739131,0.08695652173913043,0.08695652173913043
Younes Kaboul,Sunderland,23,2434,692,465,67.1965317919075,11,5,0,5,14,12,85.71428571428571,43,14,39,191,17,8,3,1,0.7563836586,30.08695652173913,0.4782608695652174,0.0,0.21739130434782608
Jefferson Antonio Montero Vite,Swansea City,23,2377,492,316,64.22764227642277,21,6,0,24,84,39,46.42857142857143,22,7,5,5,13,43,0,0,1.8217127510000002,21.391304347826086,0.9130434782608695,0.0,1.0434782608695652
Kurt Happy Zouma,Chelsea,23,2318,736,610,82.88043478260869,16,1,1,0,8,4,50.0,28,4,24,169,10,9,0,0,1.5417155560000002,32.0,0.6956521739130435,0.043478260869565216,0.0
Pedro Mba Obiang Avomo,West Ham United,23,1827,478,371,77.61506276150628,9,1,0,2,15,9,60.0,43,12,17,31,23,16,2,0,0.32550912800000004,20.782608695652176,0.391304347826087,0.0,0.08695652173913043
Kevin Mirallas,Everton,23,1781,382,296,77.4869109947644,41,16,4,14,37,21,56.75675675675676,15,1,17,6,15,21,1,2,3.215618413000001,16.608695652173914,1.7826086956521738,0.17391304347826086,0.6086956521739131
Thibaut Courtois,Chelsea,23,1583,638,370,57.993730407523515,0,0,0,0,0,0,0.0,0,0,0,2,2,3,0,2,0.0,27.73913043478261,0.0,0.0,0.0
Glyn Oliver Myhill,West Bromwich Albion,23,1582,661,310,46.89863842662632,0,0,0,0,0,0,0.0,0,0,0,0,0,3,0,0,0.0,28.73913043478261,0.0,0.0,0.0
Duncan Watmore,Sunderland,23,1338,174,113,64.9425287356322,17,9,3,9,40,22,55.00000000000001,7,4,4,7,8,18,0,0,1.9948447040000001,7.565217391304348,0.7391304347826086,0.13043478260869565,0.391304347826087
Mamadou Sakho,Liverpool,22,3678,1244,1092,87.78135048231512,6,1,1,4,3,3,100.0,34,4,32,150,10,16,0,0,0.9238965270000001,56.54545454545455,0.2727272727272727,0.045454545454545456,0.18181818181818182
Tom Cleverley,Everton,22,3464,974,768,78.85010266940452,24,6,2,18,23,14,60.86956521739131,55,14,16,21,14,22,1,0,1.4394102729999996,44.27272727272727,1.0909090909090908,0.09090909090909091,0.8181818181818182
Martin Škrtel,Liverpool,22,3396,1146,1005,87.69633507853402,10,3,1,5,2,2,100.0,31,2,24,193,21,6,5,0,0.5073164910000001,52.09090909090909,0.45454545454545453,0.045454545454545456,0.22727272727272727
Jordy Clasie,Southampton,22,2794,828,665,80.31400966183575,14,1,0,10,11,6,54.54545454545454,42,14,29,31,24,9,4,0,0.540446676,37.63636363636363,0.6363636363636364,0.0,0.45454545454545453
Chris Brunt,West Bromwich Albion,22,2416,851,563,66.15746180963572,17,4,0,16,17,11,64.70588235294117,30,8,15,81,23,7,6,0,0.613524584,38.68181818181818,0.7727272727272727,0.0,0.7272727272727273
Alex Oxlade-Chamberlain,Arsenal,22,2094,495,378,76.36363636363637,23,5,1,17,50,36,72.0,24,5,11,5,10,16,0,0,1.4757364622999998,22.5,1.0454545454545454,0.045454545454545456,0.7727272727272727
Charlie Adam,Stoke City,22,2089,590,432,73.22033898305085,28,4,1,9,19,10,52.63157894736842,22,6,7,16,35,29,5,0,0.9784929336999998,26.818181818181817,1.2727272727272727,0.045454545454545456,0.4090909090909091
José Luis Sanmartín Mato,Stoke City,22,1914,376,268,71.27659574468085,29,16,4,8,25,10,40.0,11,5,4,9,22,21,0,0,2.577868745,17.09090909090909,1.3181818181818181,0.18181818181818182,0.36363636363636365
Ryan Mason,Tottenham Hotspur,22,1899,543,453,83.42541436464089,19,9,1,12,15,9,60.0,27,4,4,9,9,11,3,0,2.7420546949999998,24.681818181818183,0.8636363636363636,0.045454545454545456,0.5454545454545454
Ryan Bennett,Norwich City,22,1766,606,447,73.76237623762376,9,3,0,4,1,1,100.0,23,0,22,154,16,7,7,0,0.8294824140000001,27.545454545454547,0.4090909090909091,0.0,0.18181818181818182
Jack Rodwell,Sunderland,22,1683,462,347,75.10822510822511,27,8,1,14,12,8,66.66666666666666,23,9,8,19,23,9,5,0,2.5310200800000002,21.0,1.2272727272727273,0.045454545454545456,0.6363636363636364
Matt Jarvis,Norwich City,22,1570,367,237,64.57765667574932,10,4,1,14,15,9,60.0,13,2,9,8,4,8,0,0,0.9920318610000001,16.681818181818183,0.45454545454545453,0.045454545454545456,0.6363636363636364
Modou Barrow,Swansea City,22,1451,235,172,73.19148936170212,12,4,1,12,51,30,58.82352941176471,19,2,8,5,3,27,0,0,0.6395988,10.681818181818182,0.5454545454545454,0.045454545454545456,0.5454545454545454
Harry Arter,AFC Bournemouth,21,3927,1042,888,85.22072936660268,36,7,1,24,38,21,55.26315789473685,58,20,17,14,26,24,5,0,1.0289659573999999,49.61904761904762,1.7142857142857142,0.047619047619047616,1.1428571428571428
Gabriel Armando de Abreu,Arsenal,21,3272,1074,978,91.06145251396647,12,3,1,1,7,5,71.42857142857143,45,10,45,136,10,14,3,0,1.0417122505,51.142857142857146,0.5714285714285714,0.047619047619047616,0.047619047619047616
Phil Jagielka,Everton,21,3250,1062,895,84.27495291902072,11,1,0,3,6,4,66.66666666666666,37,6,29,174,10,14,0,0,0.6603465789999999,50.57142857142857,0.5238095238095238,0.0,0.14285714285714285
Junior Stanislas,AFC Bournemouth,21,3071,776,547,70.4896907216495,46,11,3,31,62,34,54.83870967741935,25,3,15,16,16,16,1,0,2.4055857666,36.95238095238095,2.1904761904761907,0.14285714285714285,1.4761904761904763
Graham Dorrans,Norwich City,21,2634,761,647,85.0197109067017,16,2,0,15,18,13,72.22222222222221,22,2,15,15,23,7,2,0,0.6564015583,36.23809523809524,0.7619047619047619,0.0,0.7142857142857143
Diafra Sakho,West Ham United,21,2483,360,227,63.05555555555556,46,19,5,12,50,22,44.0,15,7,6,21,20,31,1,0,7.3521038910000005,17.142857142857142,2.1904761904761907,0.23809523809523808,0.5714285714285714
Connor Wickham,Crystal Palace,21,2282,409,266,65.03667481662592,35,9,5,10,24,17,70.83333333333334,17,4,1,21,32,23,1,0,4.750864302999999,19.476190476190474,1.6666666666666667,0.23809523809523808,0.47619047619047616
Valon Behrami,Watford,21,2114,519,411,79.1907514450867,1,0,0,4,9,3,33.33333333333333,64,11,24,18,40,19,3,1,0.019907001,24.714285714285715,0.047619047619047616,0.0,0.19047619047619047
Papiss Demba Cissé,Newcastle United,21,2043,407,297,72.97297297297297,24,9,3,10,22,16,72.72727272727273,12,2,3,9,12,10,1,0,3.6073283896,19.38095238095238,1.1428571428571428,0.14285714285714285,0.47619047619047616
Lewis Grabban,AFC Bournemouth,21,1663,327,274,83.79204892966361,19,10,1,7,25,13,52.0,8,2,4,2,12,5,0,0,2.694718444,15.571428571428571,0.9047619047619048,0.047619047619047616,0.3333333333333333
Rob Elliot,Newcastle United,21,1647,688,382,55.52325581395349,0,0,0,1,0,0,0.0,0,0,0,0,0,5,0,0,0.0,32.76190476190476,0.0,0.0,0.047619047619047616
Sebastian Prödl,Watford,21,1637,538,397,73.7918215613383,12,3,2,2,1,0,0.0,30,4,23,107,23,6,4,0,1.175452245,25.61904761904762,0.5714285714285714,0.09523809523809523,0.09523809523809523
Victor Moses,West Ham United,21,1622,306,231,75.49019607843137,21,4,1,14,47,23,48.93617021276596,17,6,6,2,19,25,0,0,1.8376268529999997,14.571428571428571,1.0,0.047619047619047616,0.6666666666666666
Glenn Murray,AFC Bournemouth,21,1272,202,134,66.33663366336634,27,13,3,6,16,8,50.0,11,1,0,10,26,21,2,0,4.633835496,9.619047619047619,1.2857142857142858,0.14285714285714285,0.2857142857142857
Cheik Ismaël Tioté,Newcastle United,20,2825,850,731,86.0,2,0,0,8,21,14,66.66666666666666,52,17,39,46,39,14,5,0,0.045869157,42.5,0.1,0.0,0.4
Carlos Alberto Sánchez Moreno,Aston Villa,20,2722,795,646,81.25786163522012,13,4,0,3,30,22,73.33333333333333,53,12,17,49,28,9,2,0,0.47976771999999995,39.75,0.65,0.0,0.15
Jeremain Lens,Sunderland,20,2420,474,277,58.438818565400844,28,9,3,14,64,34,53.125,36,12,4,9,30,34,4,1,2.1020062906000003,23.7,1.4,0.15,0.7
Carl Jenkinson,West Ham United,20,2045,706,517,73.22946175637394,7,3,2,6,14,4,28.57142857142857,29,6,8,56,15,5,2,1,0.7927971646,35.3,0.35,0.1,0.3
Ryan Shawcross,Stoke City,20,1940,590,448,75.9322033898305,8,0,0,1,7,4,57.14285714285714,44,9,26,132,20,2,2,1,0.9745430740000001,29.5,0.4,0.0,0.05
Martín Gastón Demichelis,Manchester City,20,1776,567,488,86.06701940035273,5,0,0,4,6,5,83.33333333333334,23,4,26,75,13,8,2,0,0.301806504,28.35,0.25,0.0,0.2
Maya Yoshida,Southampton,20,1644,567,441,77.77777777777779,2,2,1,2,8,6,75.0,16,2,19,62,8,7,0,0,0.52635944,28.35,0.1,0.05,0.1
Jordon Mutch,Crystal Palace,20,1475,357,253,70.86834733893558,16,2,0,7,16,12,75.0,24,7,11,8,12,11,0,0,1.1795702252,17.85,0.8,0.0,0.35
Adam Johnson,Sunderland,19,2145,600,443,73.83333333333333,16,3,2,25,24,14,58.333333333333336,11,3,10,7,8,16,3,0,1.7620988539999995,31.57894736842105,0.8421052631578947,0.10526315789473684,1.3157894736842106
Bakary Sako,Crystal Palace,19,1880,423,293,69.26713947990544,35,14,2,8,41,21,51.21951219512195,20,8,9,13,16,11,1,0,2.1215525987000006,22.263157894736842,1.8421052631578947,0.10526315789473684,0.42105263157894735
Joel Nathaniel Campbell Samuels,Arsenal,19,1733,350,266,76.0,20,8,3,11,22,14,63.63636363636363,28,8,9,4,9,29,0,0,1.7564523170000002,18.42105263157895,1.0526315789473684,0.15789473684210525,0.5789473684210527
James Collins,West Ham United,19,1728,555,435,78.37837837837837,13,3,0,1,4,3,75.0,18,3,24,172,13,7,3,1,0.9503093917,29.210526315789473,0.6842105263157895,0.0,0.05263157894736842
Enner Remberto Valencia Lastra,West Ham United,19,1722,259,191,73.74517374517374,33,10,4,7,36,16,44.44444444444444,22,5,8,16,14,21,1,0,3.638703944300001,13.631578947368421,1.736842105263158,0.21052631578947367,0.3684210526315789
Joe Allen,Liverpool,19,1644,413,347,84.01937046004842,12,4,2,12,16,9,56.25,26,6,19,10,14,24,0,0,2.1233271179999997,21.736842105263158,0.631578947368421,0.10526315789473684,0.631578947368421
Vito Mannone,Sunderland,19,1510,633,277,43.75987361769352,0,0,0,0,0,0,0.0,0,0,0,0,0,5,0,0,0.0,33.31578947368421,0.0,0.0,0.0
Joe Ledley,Crystal Palace,19,1390,396,322,81.31313131313132,7,2,1,3,6,4,66.66666666666666,20,4,19,39,16,5,1,0,0.355989402,20.842105263157894,0.3684210526315789,0.05263157894736842,0.15789473684210525
Tom Carroll,Tottenham Hotspur,19,1290,361,293,81.16343490304709,5,3,1,8,7,4,57.14285714285714,19,2,6,6,9,2,2,0,0.21201357599999998,19.0,0.2631578947368421,0.05263157894736842,0.42105263157894735
Rickie Lambert,West Bromwich Albion,19,1176,277,190,68.59205776173285,14,5,1,8,5,3,60.0,1,0,1,5,7,10,2,0,1.6784735619999998,14.578947368421053,0.7368421052631579,0.05263157894736842,0.42105263157894735
Bastian Schweinsteiger,Manchester United,18,3605,1086,924,85.0828729281768,12,3,1,9,23,17,73.91304347826086,42,9,10,23,25,24,3,0,1.3781854020000002,60.333333333333336,0.6666666666666666,0.05555555555555555,0.5
Leighton Baines,Everton,18,3060,1023,793,77.51710654936461,8,3,2,20,16,8,50.0,30,7,24,59,6,20,0,0,1.1736909825,56.833333333333336,0.4444444444444444,0.1111111111111111,1.1111111111111112
Aly Cissokho,Aston Villa,18,2716,934,657,70.34261241970022,4,3,0,9,11,6,54.54545454545454,29,6,28,84,16,6,3,1,0.0875349715,51.888888888888886,0.2222222222222222,0.0,0.5
Marouane Fellaini-Bakkioui,Manchester United,18,2416,601,494,82.19633943427621,22,7,1,10,21,12,57.14285714285714,22,10,10,21,38,15,2,0,3.012999341,33.388888888888886,1.2222222222222223,0.05555555555555555,0.5555555555555556
Ashley Young,Manchester United,18,2406,776,571,73.58247422680412,7,3,1,8,38,14,36.84210526315789,22,3,15,26,18,20,5,0,0.8463417289999999,43.111111111111114,0.3888888888888889,0.05555555555555555,0.4444444444444444
James Morrison,West Bromwich Albion,18,2378,615,496,80.65040650406505,24,11,3,16,36,20,55.55555555555556,30,12,16,16,10,13,3,0,2.450218271,34.166666666666664,1.3333333333333333,0.16666666666666666,0.8888888888888888
Jamaal Lascelles,Newcastle United,18,1481,461,383,83.08026030368764,4,4,2,2,5,3,60.0,12,1,31,103,12,3,0,1,0.838523107,25.61111111111111,0.2222222222222222,0.1111111111111111,0.1111111111111111
Fraser Forster,Southampton,18,1178,487,256,52.56673511293635,0,0,0,0,1,1,100.0,0,0,0,0,0,0,0,0,0.0,27.055555555555557,0.0,0.0,0.0
Sebastian Larsson,Sunderland,18,965,269,187,69.51672862453532,6,1,0,6,5,2,40.0,17,4,4,11,9,6,1,0,0.40069770000000005,14.944444444444445,0.3333333333333333,0.0,0.3333333333333333
Siem Stefan de Jong,Newcastle United,18,820,200,153,76.5,8,3,0,1,8,4,50.0,15,2,2,4,9,6,0,0,0.7520500019999999,11.11111111111111,0.4444444444444444,0.0,0.05555555555555555
Jordan Brian Henderson,Liverpool,17,3305,1007,780,77.45779543197617,26,6,2,16,22,12,54.54545454545454,42,9,18,29,11,12,1,0,2.206942035,59.23529411764706,1.5294117647058822,0.11764705882352941,0.9411764705882353
Ben Davies,Tottenham Hotspur,17,2537,890,670,75.28089887640449,9,2,0,14,10,6,60.0,29,4,11,69,19,10,3,0,0.560651818,52.35294117647059,0.5294117647058824,0.0,0.8235294117647058
Ciaran Clark,Aston Villa,17,1951,584,445,76.1986301369863,10,2,1,3,8,6,75.0,23,1,32,123,17,10,5,0,1.2308838428000002,34.35294117647059,0.5882352941176471,0.058823529411764705,0.17647058823529413
Fabian Delph,Manchester City,17,1833,471,399,84.71337579617835,13,5,2,3,33,24,72.72727272727273,26,2,22,18,10,15,0,0,0.32970794170000006,27.705882352941178,0.7647058823529411,0.11764705882352941,0.17647058823529413
Marco van Ginkel,Stoke City,17,1495,387,308,79.58656330749353,10,1,0,5,9,5,55.55555555555556,28,2,13,24,19,11,0,0,0.519662764,22.764705882352942,0.5882352941176471,0.0,0.29411764705882354
Costel Fane Pantilimon,Sunderland,17,1403,560,281,50.17857142857143,0,0,0,1,0,0,0.0,0,0,0,0,2,3,1,0,0.0,32.94117647058823,0.0,0.0,0.058823529411764705
Juan Carlos Paredes Reasco,Watford,17,1284,380,256,67.36842105263158,5,1,0,3,14,7,50.0,14,2,8,25,10,9,0,0,0.127796528,22.352941176470587,0.29411764705882354,0.0,0.17647058823529413
Maarten Stekelenburg,Southampton,17,1166,467,289,61.88436830835118,0,0,0,1,0,0,0.0,0,0,0,0,0,2,0,0,0.0,27.470588235294116,0.0,0.0,0.058823529411764705
Asmir Begović,Chelsea,17,1049,410,226,55.1219512195122,0,0,0,0,0,0,0.0,0,0,0,0,0,4,0,0,0.0,24.11764705882353,0.0,0.0,0.0
Faustino Marcos Alberto Rojo,Manchester United,16,2604,902,649,71.95121951219512,8,1,0,9,2,1,50.0,44,7,19,55,22,13,3,0,0.291408441,56.375,0.5,0.0,0.5625
Andros Townsend,Tottenham Hotspur,16,2362,481,334,69.43866943866944,29,16,4,28,73,46,63.013698630136986,30,8,23,12,10,16,0,0,1.440451886,30.0625,1.8125,0.25,1.75
Mathieu Flamini,Arsenal,16,1986,627,548,87.40031897926634,7,2,0,4,5,2,40.0,34,5,13,26,19,8,2,0,0.919225688,39.1875,0.4375,0.0,0.25
Steven Fletcher,Sunderland,16,1621,294,186,63.26530612244898,23,10,4,10,26,14,53.84615384615385,10,2,1,4,18,16,0,0,2.2615178539999996,18.375,1.4375,0.25,0.625
Jack Grealish,Aston Villa,16,1538,342,269,78.65497076023392,16,4,1,11,33,19,57.57575757575758,4,2,3,3,6,21,1,0,0.704957433,21.375,1.0,0.0625,0.6875
Sebastián Coates Nión,Sunderland,16,1425,417,292,70.02398081534771,7,2,0,1,8,6,75.0,51,6,25,79,20,5,4,0,0.809585872,26.0625,0.4375,0.0,0.0625
Eunan O''Kane,AFC Bournemouth,16,1322,383,296,77.28459530026109,8,2,0,4,15,10,66.66666666666666,7,0,7,11,8,13,2,0,0.6015456340000002,23.9375,0.5,0.0,0.25
Divock Okoth Origi,Liverpool,16,1175,173,120,69.36416184971098,24,12,5,9,17,12,70.58823529411765,5,0,0,3,11,17,0,0,2.3073988329,10.8125,1.5,0.3125,0.5625
Dwight Gayle,Crystal Palace,16,1087,154,104,67.53246753246754,22,9,3,7,7,3,42.857142857142854,11,2,3,6,19,35,2,1,3.1051400100000004,9.625,1.375,0.1875,0.4375
Santiago Cazorla González,Arsenal,15,4106,1300,1128,86.76923076923076,24,6,0,36,45,35,77.77777777777779,25,11,11,17,18,15,2,1,1.7842006870000002,86.66666666666667,1.6,0.0,2.4
Jan Kirchhoff,Sunderland,15,2138,569,389,68.36555360281194,9,1,0,13,16,14,87.5,49,12,36,46,27,19,0,0,1.0021134550000002,37.93333333333333,0.6,0.0,0.8666666666666667
Abdul Rahman Baba,Chelsea,15,2125,651,524,80.4915514592934,6,3,0,2,13,9,69.23076923076923,48,7,25,35,18,6,1,0,0.36923715599999996,43.4,0.4,0.0,0.13333333333333333
Brendan Joel Zibusiso Galloway,Everton,15,1861,527,424,80.45540796963947,9,0,0,4,14,3,21.428571428571427,50,11,11,29,12,30,2,0,0.938793719,35.13333333333333,0.6,0.0,0.26666666666666666
Marc Muniesa Martínez,Stoke City,15,1816,558,458,82.07885304659499,3,0,0,4,12,6,50.0,29,9,26,45,11,7,2,0,0.05676740100000001,37.2,0.2,0.0,0.26666666666666666
Rhu-endly Martina,Southampton,15,1773,581,422,72.63339070567987,3,2,1,11,5,3,60.0,34,7,31,40,15,12,1,0,0.125135943,38.733333333333334,0.2,0.06666666666666667,0.7333333333333333
Mauro Matías Zárate,West Ham United,15,1534,336,249,74.10714285714286,30,14,4,17,47,26,55.319148936170215,20,6,1,6,15,23,1,0,1.935043989,22.4,2.0,0.26666666666666666,1.1333333333333333
Mario Suárez Mata,Watford,15,1447,427,340,79.62529274004683,9,1,0,6,11,8,72.72727272727273,12,5,20,21,17,5,2,0,0.4204956550000001,28.466666666666665,0.6,0.0,0.4
Benik Afobe,AFC Bournemouth,15,1428,224,189,84.375,14,5,4,11,20,8,40.0,6,1,3,9,16,11,0,0,1.9489329679999998,14.933333333333334,0.9333333333333333,0.26666666666666666,0.7333333333333333
Lamine Koné,Sunderland,15,1387,405,260,64.19753086419753,10,4,2,2,5,4,80.0,25,5,42,115,6,6,0,0,1.6360862857,27.0,0.6666666666666666,0.13333333333333333,0.13333333333333333
Gabriel Imuetinyan Agbonlahor,Aston Villa,15,1345,233,160,68.6695278969957,11,6,1,11,13,6,46.15384615384615,8,1,3,8,24,17,0,0,1.4350953469999999,15.533333333333333,0.7333333333333333,0.06666666666666667,0.7333333333333333
Adlène Guédioura,Watford,15,1107,298,187,62.751677852349,13,3,0,10,25,15,60.0,17,4,16,8,14,7,2,0,0.312132211,19.866666666666667,0.8666666666666667,0.0,0.6666666666666666
Ben Foster,West Bromwich Albion,15,957,408,202,49.50980392156863,0,0,0,0,0,0,0.0,0,0,0,3,0,0,0,0,0.0,27.2,0.0,0.0,0.0
Kieran Gibbs,Arsenal,15,841,219,163,74.42922374429224,5,1,1,1,11,4,36.36363636363637,13,3,7,16,3,5,0,0,0.674481988,14.6,0.3333333333333333,0.06666666666666667,0.06666666666666667
Gilbert Gianelli Imbula Wanga,Stoke City,14,2885,779,682,87.54813863928112,21,5,2,11,61,40,65.57377049180327,15,5,12,7,24,22,3,0,0.7735615092,55.642857142857146,1.5,0.14285714285714285,0.7857142857142857
Gaël Clichy,Manchester City,14,2447,839,662,78.90345649582838,2,0,0,10,14,12,85.71428571428571,30,7,42,44,10,8,0,0,0.049342582999999995,59.92857142857143,0.14285714285714285,0.0,0.7142857142857143
Luis Antonio Valencia Mosquera,Manchester United,14,2191,709,605,85.33145275035261,5,1,0,5,26,22,84.61538461538461,28,6,12,20,19,8,1,0,0.1862707734,50.642857142857146,0.35714285714285715,0.0,0.35714285714285715
Vincent Kompany,Manchester City,14,2071,679,572,84.24153166421208,11,3,2,3,11,8,72.72727272727273,21,6,21,90,15,5,5,0,0.750381515,48.5,0.7857142857142857,0.14285714285714285,0.21428571428571427
Wahbi Khazri,Sunderland,14,1927,421,271,64.37054631828978,25,5,2,30,35,17,48.57142857142857,34,9,18,9,21,16,3,0,0.7885470372999998,30.071428571428573,1.7857142857142858,0.14285714285714285,2.142857142857143
Bryan Oviedo,Everton,14,1830,571,437,76.5323992994746,5,2,0,11,13,6,46.15384615384615,38,8,31,29,17,14,0,0,0.2923534635,40.785714285714285,0.35714285714285715,0.0,0.7857142857142857
Max-Alain Gradel,AFC Bournemouth,14,1695,339,224,66.07669616519173,18,6,1,8,45,20,44.44444444444444,25,7,12,9,12,26,1,0,1.5043037857,24.214285714285715,1.2857142857142858,0.07142857142857142,0.5714285714285714
Daniel Andre Sturridge,Liverpool,14,1682,327,250,76.45259938837921,48,23,8,5,37,20,54.054054054054056,5,0,4,4,1,14,0,0,5.124934395400001,23.357142857142858,3.4285714285714284,0.5714285714285714,0.35714285714285715
Matt Targett,Southampton,14,1644,555,412,74.23423423423424,3,1,0,4,5,3,60.0,17,3,17,39,4,13,1,0,0.144222356,39.642857142857146,0.21428571428571427,0.0,0.2857142857142857
Kolo Habib Touré,Liverpool,14,1419,457,384,84.02625820568927,4,2,1,1,5,4,80.0,21,6,24,67,3,3,1,0,0.29085575,32.642857142857146,0.2857142857142857,0.07142857142857142,0.07142857142857142
Robert Kenedy Nunes do Nascimento,Chelsea,14,1270,323,268,82.97213622291022,13,3,1,5,34,22,64.70588235294117,16,3,12,8,7,10,0,0,0.42822458199999996,23.071428571428573,0.9285714285714286,0.07142857142857142,0.35714285714285715
Pablo Javier Zabaleta Girod,Manchester City,13,2182,722,604,83.65650969529086,3,1,0,0,9,4,44.44444444444444,39,8,16,40,16,9,3,0,0.094444591,55.53846153846154,0.23076923076923078,0.0,0.0
Martin Kelly,Crystal Palace,13,1480,540,393,72.77777777777777,1,0,0,3,6,4,66.66666666666666,35,8,12,50,11,3,3,0,0.019187449,41.53846153846154,0.07692307692307693,0.0,0.23076923076923078
James Grant Chester,West Bromwich Albion,13,1273,404,299,74.00990099009901,0,0,0,4,7,4,57.14285714285714,37,4,15,65,12,7,5,0,0.0,31.076923076923077,0.0,0.0,0.3076923076923077
Joel Robles Blázquez,Everton,13,1209,475,250,52.63157894736842,0,0,0,0,1,1,100.0,0,0,0,1,0,2,0,0,0.0,36.53846153846154,0.0,0.0,0.0
Callum Wilson,AFC Bournemouth,13,1124,143,104,72.72727272727273,18,6,5,8,33,11,33.33333333333333,6,0,2,1,12,18,0,0,3.2849409889999994,11.0,1.3846153846153846,0.38461538461538464,0.6153846153846154
Ruben Loftus-Cheek,Chelsea,13,1112,248,209,84.2741935483871,14,4,1,4,19,9,47.368421052631575,13,3,5,3,4,14,0,0,1.3690498810000002,19.076923076923077,1.0769230769230769,0.07692307692307693,0.3076923076923077
Florian Thauvin,Newcastle United,13,933,216,123,56.94444444444444,8,1,0,4,26,10,38.46153846153847,7,2,5,3,6,17,1,0,0.408411334,16.615384615384617,0.6153846153846154,0.0,0.3076923076923077
Emmanuel Emenike,West Ham United,13,872,153,112,73.20261437908496,12,2,0,9,17,11,64.70588235294117,4,1,5,7,5,7,0,0,1.810002222,11.76923076923077,0.9230769230769231,0.0,0.6923076923076923
Chung-Yong Lee,Crystal Palace,13,806,193,156,80.82901554404145,5,2,1,6,19,12,63.1578947368421,14,4,7,5,4,6,0,0,0.16562200800000001,14.846153846153847,0.38461538461538464,0.07692307692307693,0.46153846153846156
Stephen Ireland,Stoke City,13,638,176,138,78.4090909090909,3,0,0,7,4,4,100.0,10,4,5,1,4,0,2,0,0.383392195,13.538461538461538,0.23076923076923078,0.0,0.5384615384615384
Patrick Bamford,Norwich City,13,636,96,62,64.58333333333334,10,4,0,2,2,2,100.0,3,1,3,3,10,4,0,0,1.042446711,7.384615384615385,0.7692307692307693,0.0,0.15384615384615385
Loïc Rémy,Chelsea,13,527,103,87,84.46601941747572,13,5,1,3,9,8,88.88888888888889,0,0,0,4,2,6,0,0,1.647004704,7.923076923076923,1.0,0.07692307692307693,0.23076923076923078
Éderzito António Macedo Lopes,Swansea City,13,519,85,61,71.76470588235294,5,1,0,2,9,6,66.66666666666666,4,2,2,6,12,10,0,0,0.395401042,6.538461538461538,0.38461538461538464,0.0,0.15384615384615385
Nathan Dyer,Leicester City,13,480,90,67,74.44444444444444,5,2,1,4,15,7,46.666666666666664,4,0,0,0,10,11,1,0,0.6213481270000001,6.923076923076923,0.38461538461538464,0.07692307692307693,0.3076923076923077
Nikica Jelavić,West Ham United,13,477,78,51,65.38461538461539,11,1,1,6,5,4,80.0,6,4,2,4,10,4,0,0,1.8327274987,6.0,0.8461538461538461,0.07692307692307693,0.46153846153846156
Alexandre Dimitri Song-Billong,West Ham United,12,1658,463,386,83.36933045356372,6,0,0,8,14,10,71.42857142857143,38,10,4,6,19,11,1,0,0.215362981,38.583333333333336,0.5,0.0,0.6666666666666666
Samir Nasri,Manchester City,12,1562,437,398,91.07551487414187,14,7,2,7,18,10,55.55555555555556,11,2,6,0,6,7,2,0,1.920093709,36.416666666666664,1.1666666666666667,0.16666666666666666,0.5833333333333334
Alex Iwobi,Arsenal,12,1485,376,315,83.77659574468085,15,6,2,10,19,12,63.1578947368421,10,3,10,2,2,5,0,0,1.723545008,31.333333333333332,1.25,0.16666666666666666,0.8333333333333334
Tommy Elphick,AFC Bournemouth,12,1329,462,377,81.6017316017316,5,2,1,1,0,0,0.0,14,2,16,53,10,6,1,0,0.43302065,38.5,0.4166666666666667,0.08333333333333333,0.08333333333333333
Muhamed Bešić,Everton,12,1323,352,300,85.22727272727273,4,2,0,4,16,11,68.75,26,6,9,18,9,3,1,0,0.192631854,29.333333333333332,0.3333333333333333,0.0,0.3333333333333333
Ramires Santos do Nascimento,Chelsea,12,1282,332,261,78.6144578313253,10,4,2,1,15,7,46.666666666666664,22,4,3,9,23,19,1,0,0.789509716,27.666666666666668,0.8333333333333334,0.16666666666666666,0.08333333333333333
Tetchi Jores Charlemagne Ulrich Okore,Aston Villa,12,1243,344,277,80.52325581395348,0,0,0,1,4,3,75.0,37,9,17,82,10,10,1,0,0.0,28.666666666666668,0.0,0.0,0.08333333333333333
Emmanuel Adebayor,Crystal Palace,12,1199,240,181,75.41666666666667,12,4,1,7,14,6,42.857142857142854,0,0,4,5,13,6,1,0,2.1397924850000005,20.0,1.0,0.08333333333333333,0.5833333333333334
Nordin Amrabat,Watford,12,1070,193,133,68.9119170984456,7,3,0,4,19,14,73.68421052631578,6,2,9,2,17,24,3,1,0.34979980400000005,16.083333333333332,0.5833333333333334,0.0,0.3333333333333333
Ritchie De Laet,Leicester City,12,973,332,212,63.85542168674698,2,1,1,4,11,3,27.27272727272727,30,2,7,24,7,5,1,0,0.122346265,27.666666666666668,0.16666666666666666,0.08333333333333333,0.3333333333333333
Ola Toivonen,Sunderland,12,929,261,188,72.03065134099617,7,2,0,6,3,1,33.33333333333333,13,3,0,9,13,10,1,0,0.408329984,21.75,0.5833333333333334,0.0,0.5
Calum Chambers,Arsenal,12,689,190,165,86.8421052631579,2,1,0,2,11,8,72.72727272727273,9,5,6,25,6,3,2,0,0.18610070499999998,15.833333333333334,0.16666666666666666,0.0,0.16666666666666666
Jay Rodriguez,Southampton,12,590,93,67,72.04301075268818,15,6,0,3,12,6,50.0,4,0,3,2,4,3,1,0,1.0794803489999998,7.75,1.25,0.0,0.25
Callum McManaman,West Bromwich Albion,12,513,99,72,72.72727272727273,8,1,0,7,17,12,70.58823529411765,7,3,1,1,3,10,0,0,0.5205207789999999,8.25,0.6666666666666666,0.0,0.5833333333333334
Demarai Gray,Leicester City,12,447,100,72,72.0,5,3,0,5,11,7,63.63636363636363,4,0,6,3,2,4,0,0,0.1598515,8.333333333333334,0.4166666666666667,0.0,0.4166666666666667
Juan Miguel Jiménez López,Southampton,12,288,51,40,78.43137254901961,6,1,0,3,4,3,75.0,2,1,0,0,4,5,0,0,0.42655452400000005,4.25,0.5,0.0,0.25
Mohamed Naser Elsayed Elneny,Arsenal,11,2401,744,685,92.06989247311827,13,2,0,2,8,4,50.0,9,3,15,22,10,13,3,0,0.9750984220000001,67.63636363636364,1.1818181818181819,0.0,0.18181818181818182
José Holebas,Watford,11,1702,531,386,72.69303201506591,13,2,0,7,35,17,48.57142857142857,26,4,18,42,11,5,1,0,0.5577538845,48.27272727272727,1.1818181818181819,0.0,0.6363636363636364
Leroy Fer,Swansea City,11,1635,435,369,84.82758620689656,5,1,0,6,19,12,63.1578947368421,25,5,19,20,21,18,2,0,0.26149118,39.54545454545455,0.45454545454545453,0.0,0.5454545454545454
Sylvain Distin,AFC Bournemouth,11,1323,479,394,82.25469728601253,2,0,0,0,3,3,100.0,17,1,4,46,5,2,0,0,0.16814246000000002,43.54545454545455,0.18181818181818182,0.0,0.0
Marcus Rashford,Manchester United,11,1293,209,155,74.16267942583733,16,8,5,5,36,13,36.11111111111111,10,1,3,9,5,10,0,0,1.8040133500000004,19.0,1.4545454545454546,0.45454545454545453,0.45454545454545453
Phil Bardsley,Stoke City,11,1198,382,289,75.6544502617801,7,2,0,2,4,2,50.0,27,12,14,41,13,16,1,0,0.0984618157,34.72727272727273,0.6363636363636364,0.0,0.18181818181818182
Dame N''Doye,Sunderland,11,1156,194,130,67.0103092783505,11,4,1,3,15,5,33.33333333333333,15,5,6,8,22,20,2,0,0.7051310829999998,17.636363636363637,1.0,0.09090909090909091,0.2727272727272727
Kieran Richardson,Aston Villa,11,1136,347,260,74.92795389048992,7,2,0,3,12,8,66.66666666666666,19,7,9,20,18,3,4,0,0.154056552,31.545454545454547,0.6363636363636364,0.0,0.2727272727272727
Daniel Nii Tackie Mensah Welbeck,Arsenal,11,976,145,118,81.37931034482759,20,11,4,5,34,17,50.0,18,5,3,7,5,9,0,0,3.023731793,13.181818181818182,1.8181818181818181,0.36363636363636365,0.45454545454545453
Declan Rudd,Norwich City,11,842,334,149,44.61077844311377,0,0,0,0,0,0,0.0,0,0,0,0,2,0,1,0,0.0,30.363636363636363,0.0,0.0,0.0
Peter Crouch,Stoke City,11,719,156,91,58.333333333333336,9,4,0,3,3,1,33.33333333333333,4,0,2,8,13,4,0,0,0.5820410970000001,14.181818181818182,0.8181818181818182,0.0,0.2727272727272727
Fraizer Campbell,Crystal Palace,11,535,83,57,68.67469879518072,4,1,0,1,8,2,25.0,3,0,4,3,8,4,1,0,0.5991128099999999,7.545454545454546,0.36363636363636365,0.0,0.09090909090909091
Jordan Amavi,Aston Villa,10,1786,529,398,75.23629489603024,4,0,0,6,49,18,36.734693877551024,40,9,14,39,18,14,2,0,0.0751711596,52.9,0.4,0.0,0.6
Kevin Wimmer,Tottenham Hotspur,10,1540,543,487,89.68692449355433,1,0,0,1,0,0,0.0,8,0,18,43,11,3,2,0,0.09628442,54.3,0.1,0.0,0.1
Ivo Daniel Ferreira Mendonca Pinto,Norwich City,10,1440,486,353,72.63374485596708,0,0,0,2,19,11,57.89473684210527,18,6,17,26,10,6,0,0,0.0,48.6,0.0,0.0,0.2
Cameron Borthwick-Jackson,Manchester United,10,1401,484,378,78.099173553719,1,1,0,6,7,5,71.42857142857143,11,2,15,14,9,3,0,0,0.018527634,48.4,0.1,0.0,0.6
Andre Wisdom,Norwich City,10,1195,447,319,71.36465324384787,2,1,0,5,7,5,71.42857142857143,21,4,10,19,3,5,1,0,0.117123414,44.7,0.2,0.0,0.5
Alberto Paloschi,Swansea City,10,1108,202,145,71.78217821782178,15,6,2,5,9,1,11.11111111111111,6,1,4,4,17,8,2,0,2.8431500239999994,20.2,1.5,0.2,0.5
Steven Taylor,Newcastle United,10,994,316,273,86.39240506329115,1,0,0,1,2,1,50.0,3,0,11,55,3,4,1,0,0.063562,31.6,0.1,0.0,0.1
Phil Jones,Manchester United,10,934,321,273,85.04672897196261,1,0,0,0,1,0,0.0,10,2,7,30,4,3,0,0,0.052710865,32.1,0.1,0.0,0.0
Timm Klose,Norwich City,10,914,283,188,66.43109540636041,4,1,1,0,1,1,100.0,18,5,26,86,7,6,3,0,0.47455927,28.3,0.4,0.1,0.0
Bertrand Isidore Traoré,Chelsea,10,733,137,115,83.94160583941606,17,6,2,4,13,10,76.92307692307693,11,2,3,4,4,5,0,0,1.6131101399999996,13.7,1.7,0.2,0.4
Vadis Odjidja-Ofoe,Norwich City,10,719,159,120,75.47169811320755,3,1,0,7,18,9,50.0,9,4,2,5,5,3,1,0,0.160835927,15.9,0.3,0.0,0.7
Rolando Aarons,Newcastle United,10,701,170,140,82.35294117647058,2,1,1,3,20,8,40.0,17,4,8,7,9,9,0,0,0.15101469,17.0,0.2,0.1,0.3
Victor Chinedu Anichebe,West Bromwich Albion,10,617,116,68,58.620689655172406,14,4,0,2,8,6,75.0,2,1,2,9,4,7,0,0,1.2194524850000001,11.6,1.4,0.0,0.2
Mark Bunn,Aston Villa,10,614,270,131,48.51851851851852,0,0,0,0,0,0,0.0,0,0,1,0,1,0,1,0,0.0,27.0,0.0,0.0,0.0
Sandro Ranieri Guimarães Cordeiro,West Bromwich Albion,10,534,145,97,66.89655172413794,3,0,0,1,3,3,100.0,11,2,12,16,7,6,0,0,0.056106919500000005,14.5,0.3,0.0,0.1
Danny Graham,Sunderland,10,490,86,50,58.139534883720934,4,2,0,0,2,0,0.0,2,1,4,8,8,7,0,0,0.5011478739999999,8.6,0.4,0.0,0.0
Radamel Falcao García Zárate,Chelsea,10,466,85,64,75.29411764705883,12,6,1,2,7,3,42.857142857142854,2,0,3,1,7,7,1,0,1.332758599,8.5,1.2,0.1,0.2
Marouane Chamakh,Crystal Palace,10,450,91,72,79.12087912087912,2,1,0,4,4,1,25.0,7,2,1,0,7,5,1,0,0.242332913,9.1,0.2,0.0,0.4
Adama Traoré Diarra,Aston Villa,10,412,53,27,50.943396226415096,2,0,0,0,34,21,61.76470588235294,1,0,0,0,4,13,1,0,0.12489151000000001,5.3,0.2,0.0,0.0
Karl Darlow,Newcastle United,9,609,246,119,48.3739837398374,0,0,0,0,0,0,0.0,1,0,0,0,0,1,0,0,0.0,27.333333333333332,0.0,0.0,0.0
Leon Osman,Everton,9,567,152,124,81.57894736842105,3,0,0,0,3,1,33.33333333333333,2,0,2,2,2,6,0,0,0.246678815,16.88888888888889,0.3333333333333333,0.0,0.0
Steven Berghuis,Watford,9,481,113,74,65.48672566371681,7,4,0,6,5,4,80.0,5,0,2,1,11,4,2,0,0.5190596494999999,12.555555555555555,0.7777777777777778,0.0,0.6666666666666666
Mikel Arteta Amatriain,Arsenal,9,413,128,113,88.28125,1,0,0,1,2,1,50.0,7,2,3,7,8,7,1,0,0.37236434,14.222222222222221,0.1111111111111111,0.0,0.1111111111111111
Steven Whittaker,Norwich City,8,1226,409,294,71.88264058679707,8,3,1,3,11,6,54.54545454545454,19,5,1,26,10,3,1,1,0.401340784,51.125,1.0,0.125,0.375
Oluwaseyi Babajide Ojo,Liverpool,8,799,158,122,77.21518987341773,5,1,0,8,18,12,66.66666666666666,9,2,4,2,2,11,0,0,0.3465609515,19.75,0.625,0.0,1.0
Paddy McNair,Manchester United,8,715,217,168,77.41935483870968,3,1,0,1,3,1,33.33333333333333,13,3,3,18,4,1,0,0,0.1577341745,27.125,0.375,0.0,0.125
Timothy Michael Krul,Newcastle United,8,709,281,165,58.718861209964416,0,0,0,0,0,0,0.0,0,0,0,1,0,1,0,0,0.0,35.125,0.0,0.0,0.0
Jordi Amat Maas,Swansea City,8,601,185,145,78.37837837837837,1,0,0,0,2,2,100.0,5,1,14,26,4,3,0,0,0.3147205,23.125,0.125,0.0,0.0
Timothy Evans Fosu-Mensah,Manchester United,8,452,144,102,70.83333333333334,2,0,0,0,3,2,66.66666666666666,16,3,12,24,3,3,1,0,0.050805534,18.0,0.25,0.0,0.0
Yoan Gouffran,Newcastle United,8,398,94,71,75.53191489361703,3,1,0,1,2,0,0.0,7,1,8,10,5,1,0,0,0.142816165,11.75,0.375,0.0,0.125
Clinton Mua N''Jie,Tottenham Hotspur,8,392,72,46,63.888888888888886,7,2,0,1,12,7,58.333333333333336,9,2,1,0,4,1,0,0,0.49904967600000005,9.0,0.875,0.0,0.125
Josh Onomah,Tottenham Hotspur,8,211,49,32,65.3061224489796,3,2,0,0,4,2,50.0,5,2,0,0,1,1,0,0,0.191308678,6.125,0.375,0.0,0.0
Kevin Linford Stewart,Liverpool,7,1612,466,408,87.55364806866953,5,0,0,3,10,7,70.0,21,6,24,16,11,18,1,0,0.22761357999999998,66.57142857142857,0.7142857142857143,0.0,0.42857142857142855
Massadio Haïdara,Newcastle United,7,985,319,248,77.74294670846395,3,0,0,3,9,6,66.66666666666666,13,4,11,19,11,10,1,0,0.0439196815,45.57142857142857,0.42857142857142855,0.0,0.42857142857142855
Brede Hangeland,Crystal Palace,7,779,265,217,81.88679245283019,5,3,0,0,3,3,100.0,10,1,4,46,13,3,2,0,0.6918013279999999,37.857142857142854,0.7142857142857143,0.0,0.0
Youssouf Chafiq Mulumbu Ngangu,Norwich City,7,630,162,143,88.27160493827161,3,1,0,1,9,6,66.66666666666666,22,7,5,8,7,6,1,0,0.18326662500000002,23.142857142857142,0.42857142857142855,0.0,0.14285714285714285
Alex McCarthy,Crystal Palace,7,565,220,98,44.54545454545455,0,0,0,0,0,0,0.0,0,0,0,2,0,1,0,0,0.0,31.428571428571427,0.0,0.0,0.0
Charlie Austin,Southampton,7,358,55,35,63.63636363636363,8,2,1,1,2,2,100.0,4,0,2,5,4,7,0,0,0.59781394,7.857142857142857,1.1428571428571428,0.14285714285714285,0.14285714285714285
Yann Kermorgant,AFC Bournemouth,7,230,62,40,64.51612903225806,2,0,0,2,3,2,66.66666666666666,0,0,1,1,0,5,0,0,0.14714601500000002,8.857142857142858,0.2857142857142857,0.0,0.2857142857142857
Reece Oxford,West Ham United,7,209,57,47,82.45614035087719,1,0,0,0,0,0,0.0,6,2,6,7,2,1,0,0,0.07030312,8.142857142857142,0.14285714285714285,0.0,0.0
Kieran Trippier,Tottenham Hotspur,6,1047,355,252,70.98591549295776,2,1,1,5,7,2,28.57142857142857,17,2,6,23,3,11,1,0,0.6527253940000001,59.166666666666664,0.3333333333333333,0.16666666666666666,0.8333333333333334
Wes Brown,Sunderland,6,626,198,153,77.27272727272727,0,0,0,0,1,1,100.0,8,1,8,57,6,6,1,0,0.0,33.0,0.0,0.0,0.0
Darron Gibson,Everton,6,568,177,154,87.00564971751412,2,1,0,3,3,3,100.0,3,0,11,18,5,0,3,0,0.024389918,29.5,0.3333333333333333,0.0,0.5
Lee Tomlin,AFC Bournemouth,6,559,122,84,68.85245901639344,4,3,0,7,9,4,44.44444444444444,4,1,0,0,2,9,1,0,0.22449919000000002,20.333333333333332,0.6666666666666666,0.0,1.1666666666666667
Darren Randolph,West Ham United,6,457,192,104,54.166666666666664,1,0,0,0,0,0,0.0,0,0,0,1,0,0,0,0,0.050556086,32.0,0.16666666666666666,0.0,0.0
Daniel William John Ings,Liverpool,6,423,81,59,72.8395061728395,10,4,2,5,7,3,42.857142857142854,1,0,2,3,6,7,1,0,1.359236949,13.5,1.6666666666666667,0.3333333333333333,0.8333333333333334
Adam Federici,AFC Bournemouth,6,352,130,97,74.61538461538461,0,0,0,0,0,0,0.0,0,0,0,0,0,0,0,0,0.0,21.666666666666668,0.0,0.0,0.0
Steven Caulker,Southampton,6,247,80,56,70.0,4,2,0,1,1,1,100.0,3,0,1,18,0,0,0,0,0.324833245,13.333333333333334,0.6666666666666666,0.0,0.16666666666666666
Luke Shaw,Manchester United,5,1053,351,291,82.90598290598291,1,1,0,3,7,6,85.71428571428571,10,6,1,18,8,3,1,0,0.09207138,70.2,0.2,0.0,0.6
Jon Flanagan,Liverpool,5,941,303,249,82.17821782178217,0,0,0,1,4,2,50.0,12,2,8,18,8,4,1,0,0.0,60.6,0.0,0.0,0.2
Joe Gomez,Liverpool,5,847,273,218,79.85347985347985,1,0,0,2,8,4,50.0,13,6,8,21,10,2,2,0,0.016134378,54.6,0.2,0.0,0.4
Jordi Gómez García-Penche,Sunderland,5,533,173,143,82.65895953757226,2,1,0,3,2,2,100.0,8,0,2,9,7,5,0,0,0.022011260999999997,34.6,0.4,0.0,0.6
Kyle Bartley,Swansea City,5,455,139,108,77.6978417266187,2,0,0,0,1,1,100.0,12,1,1,21,4,5,2,0,0.08941238,27.8,0.4,0.0,0.0
Jonathan Leko,West Bromwich Albion,5,452,55,40,72.72727272727273,0,0,0,1,21,12,57.14285714285714,11,4,4,1,7,4,0,0,0.0,11.0,0.0,0.0,0.2
Gabriel Antoine Obertan,Newcastle United,5,439,107,83,77.57009345794393,3,2,0,2,7,2,28.57142857142857,8,1,3,5,3,3,1,0,0.114057279,21.4,0.6,0.0,0.4
Gökhan İnler,Leicester City,5,428,122,97,79.50819672131148,2,0,0,1,3,2,66.66666666666666,7,5,2,8,3,4,0,0,0.038327533,24.4,0.4,0.0,0.2
Guangtai Jiang,Everton,5,387,131,105,80.1526717557252,2,0,0,2,1,0,0.0,10,0,0,10,4,2,1,0,0.22570679,26.2,0.4,0.0,0.4
Jakob Haugaard,Stoke City,5,362,145,82,56.55172413793104,0,0,0,0,0,0,0.0,0,0,0,0,0,0,0,0,0.0,29.0,0.0,0.0,0.0
Nabil Bentaleb,Tottenham Hotspur,5,333,100,78,78.0,3,2,0,2,5,4,80.0,2,0,0,1,3,1,1,0,0.1347764505,20.0,0.6,0.0,0.4
Adnan Januzaj,Manchester United,5,262,45,36,80.0,4,1,1,0,10,5,50.0,0,0,0,1,4,6,1,0,0.194883131,9.0,0.8,0.2,0.0
El-Hadji Baye Oumar Niasse,Everton,5,242,46,36,78.26086956521739,2,1,0,2,6,2,33.33333333333333,4,2,3,0,2,3,0,0,0.144330245,9.2,0.4,0.0,0.4
Osazemwinde Peter Odemwingie,Stoke City,5,242,54,45,83.33333333333334,2,0,0,0,2,1,50.0,3,0,3,1,3,1,0,0,0.080638808,10.8,0.4,0.0,0.0
Guillermo Varela Olivera,Manchester United,4,634,197,154,78.1725888324873,1,0,0,1,6,3,50.0,16,3,12,14,5,9,1,0,0.020327501,49.25,0.25,0.0,0.25
Bradley Shaun Smith,Liverpool,4,571,170,132,77.64705882352942,1,0,0,2,8,2,25.0,10,3,8,11,7,4,2,1,0.026966754,42.5,0.25,0.0,0.5
Matthew Pennington,Everton,4,531,172,147,85.46511627906976,2,1,0,0,1,1,100.0,4,3,5,22,2,1,1,0,0.12124941,43.0,0.5,0.0,0.0
Stephen Kingsley,Swansea City,4,492,155,112,72.25806451612902,1,0,0,1,5,5,100.0,6,0,2,18,2,3,0,0,0.015957909,38.75,0.25,0.0,0.25
Samuel Mark Byram,West Ham United,4,426,140,96,68.57142857142857,0,0,0,2,0,0,0.0,5,0,12,12,7,4,3,0,0.0,35.0,0.0,0.0,0.5
Libor Kozák,Aston Villa,4,418,73,46,63.013698630136986,6,2,0,3,3,1,33.33333333333333,3,0,1,3,6,3,0,0,0.674867537,18.25,1.5,0.0,0.75
Kevin Toner,Aston Villa,4,416,125,92,73.6,2,0,0,0,1,0,0.0,11,3,4,17,2,4,0,0,0.114883628,31.25,0.5,0.0,0.0
Marc Wilson,Stoke City,4,373,113,86,76.10619469026548,0,0,0,1,2,1,50.0,9,1,4,18,3,3,0,0,0.0,28.25,0.0,0.0,0.25
Sergio Germán Romero,Manchester United,4,362,140,91,65.0,0,0,0,0,0,0,0.0,0,0,0,0,0,0,0,0,0.0,35.0,0.0,0.0,0.0
Bradley Johnson,Norwich City,4,326,77,55,71.42857142857143,10,2,0,3,5,3,60.0,7,1,1,1,3,3,0,0,0.8057374274,19.25,2.5,0.0,0.75
Steven Pienaar,Everton,4,317,80,64,80.0,2,0,0,1,6,4,66.66666666666666,1,0,4,2,2,3,0,0,0.051837135,20.0,0.5,0.0,0.25
Henri Saivet,Newcastle United,4,316,78,62,79.48717948717949,0,0,0,1,3,0,0.0,16,3,8,6,1,2,0,0,0.0,19.5,0.0,0.0,0.25
David Ospina Ramírez,Arsenal,4,305,127,74,58.26771653543307,0,0,0,0,0,0,0.0,0,0,0,0,0,2,0,0,0.0,31.75,0.0,0.0,0.0
Jordan Lyden,Aston Villa,4,272,72,59,81.94444444444444,1,0,0,1,1,1,100.0,4,0,4,6,1,2,0,0,0.07523298,18.0,0.25,0.0,0.25
Marcin Ryszard Wasilewski,Leicester City,4,266,79,58,73.41772151898735,1,0,0,0,0,0,0.0,11,1,3,20,5,0,2,0,0.04159231,19.75,0.25,0.0,0.0
Daniel Amartey,Leicester City,4,230,74,61,82.43243243243244,1,1,0,1,2,1,50.0,1,0,3,4,0,1,0,0,0.40846357,18.5,0.25,0.0,0.25
Andreas Hoelgebaum Pereira,Manchester United,4,228,65,48,73.84615384615385,0,0,0,3,4,3,75.0,0,0,0,0,2,2,2,0,0.0,16.25,0.0,0.0,0.75
Wilfredo Daniel Caballero,Manchester City,4,223,91,51,56.043956043956044,0,0,0,0,0,0,0.0,0,0,0,0,0,0,0,0,0.0,22.75,0.0,0.0,0.0
Segundo Víctor Ibarbo Guerrero,Watford,4,129,28,18,64.28571428571429,0,0,0,0,3,1,33.33333333333333,2,2,0,1,2,1,0,0,0.0,7.0,0.0,0.0,0.0
Yohan Benalouane,Leicester City,4,60,18,10,55.55555555555556,0,0,0,0,0,0,0.0,0,0,3,5,3,0,1,0,0.0,4.5,0.0,0.0,0.0
Cameron Brannagan,Liverpool,3,428,126,115,91.26984126984127,1,1,0,1,4,2,50.0,5,0,2,1,0,0,0,0,0.08262946,42.0,0.3333333333333333,0.0,0.3333333333333333
Adrian Mariappa,Crystal Palace,3,398,131,105,80.1526717557252,0,0,0,0,3,2,66.66666666666666,4,2,4,16,4,3,0,0,0.0,43.666666666666664,0.0,0.0,0.0
Jack Wilshere,Arsenal,3,340,77,68,88.31168831168831,1,0,0,0,11,5,45.45454545454545,3,1,0,4,2,7,0,0,0.3143006,25.666666666666668,0.3333333333333333,0.0,0.0
Connor Steven Randall,Liverpool,3,316,104,78,75.0,2,1,0,0,6,2,33.33333333333333,2,0,4,2,1,2,0,0,0.12659223,34.666666666666664,0.6666666666666666,0.0,0.0
Miguel Arturo Layún Prado,Watford,3,255,60,45,75.0,4,1,1,2,4,4,100.0,4,0,1,3,1,1,0,0,0.246095348,20.0,1.3333333333333333,0.3333333333333333,0.6666666666666666
Kevin Mbabu,Newcastle United,3,218,56,30,53.57142857142857,1,1,0,1,4,3,75.0,11,3,2,5,3,2,0,0,0.036821686,18.666666666666668,0.3333333333333333,0.0,0.3333333333333333
Alessandro Diamanti,Watford,3,199,55,36,65.45454545454545,1,0,0,1,2,2,100.0,4,1,1,3,1,2,0,0,0.02299939,18.333333333333332,0.3333333333333333,0.0,0.3333333333333333
Emmanuel Rivière,Newcastle United,3,183,20,18,90.0,3,0,0,1,2,1,50.0,3,0,0,0,3,2,0,0,0.249199327,6.666666666666667,1.0,0.0,0.3333333333333333
Shay Given,Stoke City,3,181,67,44,65.67164179104478,0,0,0,0,0,0,0.0,0,0,0,0,0,1,0,0,0.0,22.333333333333332,0.0,0.0,0.0
Alex Pritchard,West Bromwich Albion,3,149,32,24,75.0,2,0,0,0,6,3,50.0,2,0,2,0,2,2,0,0,0.093362677,10.666666666666666,0.6666666666666666,0.0,0.0
Gastón Exequiel Ramírez Pereyra,Southampton,3,87,19,13,68.42105263157895,1,1,0,0,5,3,60.0,3,0,1,0,0,0,0,0,0.06234869,6.333333333333333,0.3333333333333333,0.0,0.0
Tokelo Anthony Rantie,AFC Bournemouth,3,84,11,9,81.81818181818183,1,0,0,1,3,0,0.0,3,0,0,0,3,0,0,0,0.11557082,3.6666666666666665,0.3333333333333333,0.0,0.3333333333333333
Modibo Maïga,West Ham United,3,79,12,5,41.66666666666667,2,2,1,0,5,4,80.0,0,0,0,0,3,1,0,0,0.448480331,4.0,0.6666666666666666,0.3333333333333333,0.0
Seydou Doumbia,Newcastle United,3,71,8,6,75.0,1,1,0,0,0,0,0.0,0,0,1,0,0,1,0,0,0.14665069,2.6666666666666665,0.3333333333333333,0.0,0.0
Shaun MacDonald,AFC Bournemouth,3,58,19,17,89.47368421052632,0,0,0,0,1,1,100.0,1,1,0,0,0,0,0,0,0.0,6.333333333333333,0.0,0.0,0.0
Mathieu Debuchy,Arsenal,2,297,101,74,73.26732673267327,1,0,0,1,3,1,33.33333333333333,8,2,1,6,3,1,0,0,0.029352702,50.5,0.5,0.0,0.5
Matt Miazga,Chelsea,2,268,88,72,81.81818181818183,0,0,0,0,0,0,0.0,2,1,3,6,1,2,1,0,0.0,44.0,0.0,0.0,0.0
Jordan Pickford,Sunderland,2,203,78,30,38.46153846153847,0,0,0,0,0,0,0.0,0,0,0,0,0,1,0,0,0.0,39.0,0.0,0.0,0.0
Tom Davies,Everton,2,199,49,37,75.51020408163265,1,0,0,0,2,2,100.0,1,0,3,2,3,2,0,0,0.042697757,24.5,0.5,0.0,0.0
Danny Ward,Liverpool,2,173,58,33,56.896551724137936,0,0,0,0,0,0,0.0,0,0,0,0,0,0,0,0,0.0,29.0,0.0,0.0,0.0
Alexandre Rodrigues da Silva,Chelsea,2,170,26,23,88.46153846153845,4,2,1,0,2,0,0.0,2,2,0,1,2,4,0,0,1.9076370900000001,13.0,2.0,0.5,0.0
Julián Speroni,Crystal Palace,2,158,68,41,60.29411764705882,0,0,0,0,0,0,0.0,0,0,0,0,0,0,0,0,0.0,34.0,0.0,0.0,0.0
Kieran O''Neill Dowell,Everton,2,157,35,25,71.42857142857143,0,0,0,1,5,2,40.0,1,0,2,0,1,0,0,0,0.0,17.5,0.0,0.0,0.5
Paulo Dino Gazzaniga,Southampton,2,153,64,41,64.0625,0,0,0,0,0,0,0.0,0,0,0,0,0,0,0,0,0.0,32.0,0.0,0.0,0.0
Andre Green,Aston Villa,2,132,32,19,59.375,1,0,0,2,6,3,50.0,2,0,2,0,0,0,0,0,0.052052636,16.0,0.5,0.0,1.0
Juan Manuel Iturbe Arévalo,AFC Bournemouth,2,124,27,19,70.37037037037037,1,1,0,1,4,3,75.0,0,0,4,0,0,1,0,0,0.035855655,13.5,0.5,0.0,0.5
Ádám Bogdán,Liverpool,2,121,49,25,51.02040816326531,0,0,0,0,0,0,0.0,0,0,0,0,0,0,0,0,0.0,24.5,0.0,0.0,0.0
Tammy Bakumo-Abraham,Chelsea,2,94,14,7,50.0,2,0,0,0,2,1,50.0,0,0,0,1,2,0,0,0,0.171009287,7.0,1.0,0.0,0.0
Marvin Emnes,Swansea City,2,93,15,9,60.0,1,0,0,0,4,2,50.0,2,0,1,0,0,0,0,0,0.014250298,7.5,0.5,0.0,0.0
Kevin Nolan,West Ham United,2,58,14,13,92.85714285714286,0,0,0,0,1,1,100.0,0,0,0,1,0,0,0,0,0.0,7.0,0.0,0.0,0.0
"Charles N""Zogbia",Aston Villa,2,56,12,9,75.0,0,0,0,0,1,0,0.0,0,0,0,0,1,0,0,0,0.0,6.0,0.0,0.0,0.0
Andrej Kramarić,Leicester City,2,54,15,11,73.33333333333333,1,1,0,1,0,0,0.0,2,1,0,0,1,0,0,0,0.36157164,7.5,0.5,0.0,0.5
Jay Fulton,Swansea City,2,44,9,9,100.0,0,0,0,0,0,0,0.0,4,1,1,1,1,0,0,0,0.0,4.5,0.0,0.0,0.0
Ivan Toney,Newcastle United,2,20,2,1,50.0,0,0,0,0,0,0,0.0,0,0,0,0,0,0,0,0,0.0,1.0,0.0,0.0,0.0
Gary Hooper,Norwich City,2,19,4,3,75.0,1,0,0,0,0,0,0.0,0,0,0,0,0,1,0,0,0.13312706,2.0,0.5,0.0,0.0
Mamadou Obbi Oularé,Watford,2,14,3,2,66.66666666666666,0,0,0,0,0,0,0.0,0,0,0,0,1,0,0,0,0.0,1.5,0.0,0.0,0.0
Matt Grimes,Swansea City,1,164,46,34,73.91304347826086,1,0,0,1,0,0,0.0,4,0,0,0,3,1,0,0,0.04053711,46.0,1.0,0.0,1.0
Thomas Robson,Sunderland,1,150,56,44,78.57142857142857,0,0,0,0,2,1,50.0,3,0,3,5,0,1,0,0,0.0,56.0,0.0,0.0,0.0
Michel Vorm,Tottenham Hotspur,1,128,49,47,95.91836734693877,0,0,0,0,0,0,0.0,0,0,0,0,0,0,0,0,0.0,49.0,0.0,0.0,0.0
Pedro Chirivella Burgos,Liverpool,1,116,31,24,77.41935483870968,0,0,0,0,1,0,0.0,0,0,0,2,0,0,0,0,0.0,31.0,0.0,0.0,0.0
Donald Love,Manchester United,1,115,35,24,68.57142857142857,0,0,0,0,5,3,60.0,4,0,3,0,1,0,0,0,0.0,35.0,0.0,0.0,0.0
Rees Greenwood,Sunderland,1,106,20,16,80.0,0,0,0,1,2,1,50.0,2,1,2,0,1,0,0,0,0.0,20.0,0.0,0.0,1.0
José Ángel Crespo Rincón,Aston Villa,1,86,30,27,90.0,0,0,0,0,0,0,0.0,0,0,0,2,1,1,0,0,0.0,30.0,0.0,0.0,0.0
Jonjoe Kenny,Everton,1,85,32,23,71.875,1,0,0,0,0,0,0.0,1,0,2,2,0,0,0,0,0.063103065,32.0,1.0,0.0,0.0
Sullay Kaikai,Crystal Palace,1,82,20,14,70.0,3,1,0,2,0,0,0.0,2,0,0,0,1,0,0,0,0.158311264,20.0,3.0,0.0,2.0
Kelvin Davis,Southampton,1,76,29,14,48.275862068965516,0,0,0,0,0,0,0.0,0,0,0,0,0,0,0,0,0.0,29.0,0.0,0.0,0.0
Kristoffer Nordfeldt,Swansea City,1,76,29,23,79.3103448275862,0,0,0,0,0,0,0.0,0,0,0,0,0,0,0,0,0.0,29.0,0.0,0.0,0.0
Sébastien Pocognoli,West Bromwich Albion,1,74,30,19,63.33333333333333,0,0,0,1,0,0,0.0,0,0,0,4,0,0,0,0,0.0,30.0,0.0,0.0,1.0
Tony Hibbert,Everton,1,67,19,16,84.21052631578947,1,1,0,0,1,0,0.0,0,0,3,2,0,0,0,0,0.060018376,19.0,1.0,0.0,0.0
Cristian Gamboa Luna,West Bromwich Albion,1,66,13,9,69.23076923076923,1,0,0,0,2,1,50.0,3,0,1,0,1,1,1,0,0.029631916,13.0,1.0,0.0,0.0
Manuel García Alonso,Manchester City,1,61,19,19,100.0,0,0,0,0,0,0,0.0,0,0,1,0,0,0,0,0,0.0,19.0,0.0,0.0,0.0
Adam Matthews,Sunderland,1,60,19,16,84.21052631578947,0,0,0,0,2,0,0.0,2,0,0,1,0,0,0,0,0.0,19.0,0.0,0.0,0.0
Tyler Roberts,West Bromwich Albion,1,55,8,4,50.0,1,0,0,0,2,2,100.0,0,0,0,0,1,0,1,0,0.6280385,8.0,1.0,0.0,0.0
Serge Gnabry,West Bromwich Albion,1,55,7,6,85.71428571428571,2,1,0,1,4,2,50.0,0,0,0,0,2,0,0,0,0.0579582006,7.0,2.0,0.0,1.0
Bersant Celina,Manchester City,1,50,15,13,86.66666666666667,0,0,0,1,0,0,0.0,1,0,0,0,0,0,0,0,0.0,15.0,0.0,0.0,1.0
Javier Hernández Balcázar,Manchester United,1,45,13,11,84.61538461538461,1,1,0,1,0,0,0.0,0,0,0,0,0,1,0,0,0.5094782,13.0,1.0,0.0,1.0
Fikayo Tomori,Chelsea,1,44,14,12,85.71428571428571,0,0,0,0,1,0,0.0,1,0,1,2,0,0,0,0,0.0,14.0,0.0,0.0,0.0
Juan Guillermo Cuadrado Bello,Chelsea,1,42,11,9,81.81818181818183,1,1,0,0,0,0,0.0,0,0,0,1,0,2,0,0,0.042315856,11.0,1.0,0.0,0.0
Callum Connolly,Everton,1,41,13,9,69.23076923076923,0,0,0,0,0,0,0.0,1,1,1,3,0,0,0,0,0.0,13.0,0.0,0.0,0.0
Hiram Boateng,Crystal Palace,1,39,5,3,60.0,1,0,0,0,0,0,0.0,1,0,0,0,2,0,0,0,0.03874645,5.0,1.0,0.0,0.0
George Honeyman,Sunderland,1,38,6,5,83.33333333333334,0,0,0,1,0,0,0.0,0,0,0,0,0,1,0,0,0.0,6.0,0.0,0.0,1.0
Joe Dodoo,Leicester City,1,37,6,3,50.0,0,0,0,0,0,0,0.0,0,0,0,0,2,1,0,0,0.0,6.0,0.0,0.0,0.0
Jordan Rossiter,Liverpool,1,34,6,4,66.66666666666666,0,0,0,0,0,0,0.0,1,0,1,1,0,0,0,0,0.0,6.0,0.0,0.0,0.0
James Wilson,Manchester United,1,27,6,6,100.0,0,0,0,1,0,0,0.0,0,0,0,0,0,0,0,0,0.0,6.0,0.0,0.0,1.0
Jake-Liam Clarke-Salter,Chelsea,1,27,6,6,100.0,0,0,0,0,0,0,0.0,2,0,0,1,0,0,0,0,0.0,6.0,0.0,0.0,0.0
Ryan Allsop,AFC Bournemouth,1,26,10,9,90.0,0,0,0,0,0,0,0.0,0,0,0,0,0,0,0,0,0.0,10.0,0.0,0.0,0.0
Harrison Reed,Southampton,1,26,7,4,57.14285714285714,0,0,0,0,0,0,0.0,1,0,0,0,0,0,0,0,0.0,7.0,0.0,0.0,0.0
Steve Sidwell,Stoke City,1,25,7,6,85.71428571428571,0,0,0,0,0,0,0.0,3,1,0,0,1,0,0,0,0.0,7.0,0.0,0.0,0.0
Dionatan do Nascimento Teixeira,Stoke City,1,25,7,2,28.57142857142857,0,0,0,0,0,0,0.0,1,1,1,2,0,0,0,0,0.0,7.0,0.0,0.0,0.0
Kyle Lafferty,Norwich City,1,22,7,4,57.14285714285714,0,0,0,0,0,0,0.0,0,0,1,1,0,0,0,0,0.0,7.0,0.0,0.0,0.0
Giedrius Arlauskis,Watford,1,21,6,4,66.66666666666666,0,0,0,0,0,0,0.0,0,0,0,1,0,0,0,0,0.0,6.0,0.0,0.0,0.0
Patrick Roberts,Manchester City,1,20,4,4,100.0,0,0,0,0,1,1,100.0,0,0,0,0,0,1,0,0,0.0,4.0,0.0,0.0,0.0
Sergi Canós Tenes,Liverpool,1,19,4,3,75.0,0,0,0,0,0,0,0.0,1,1,0,0,1,0,0,0,0.0,4.0,0.0,0.0,0.0
Jonathan Williams,Crystal Palace,1,19,5,5,100.0,0,0,0,0,0,0,0.0,0,0,0,0,0,0,0,0,0.0,5.0,0.0,0.0,0.0
Nick Powell,Manchester United,1,17,2,1,50.0,0,0,0,0,0,0,0.0,0,0,0,0,0,0,0,0,0.0,2.0,0.0,0.0,0.0
João Carlos Vilaça Teixeira,Liverpool,1,16,3,3,100.0,0,0,0,0,0,0,0.0,1,0,0,0,0,0,0,0,0.0,3.0,0.0,0.0,0.0
Tyrone Mings,AFC Bournemouth,1,14,2,2,100.0,0,0,0,0,0,0,0.0,0,0,0,0,0,0,0,0,0.0,2.0,0.0,0.0,0.0
Will Keane,Manchester United,1,12,0,0,0.0,0,0,0,0,0,0,0.0,0,0,0,0,0,0,0,0,0.0,0.0,0.0,0.0,0.0
Rushian Hepburn-Murphy,Aston Villa,1,12,0,0,0.0,0,0,0,0,0,0,0.0,0,0,0,0,0,1,0,0,0.0,0.0,0.0,0.0,0.0
Sam Field,West Bromwich Albion,1,9,2,1,50.0,0,0,0,0,0,0,0.0,0,0,0,0,0,1,0,0,0.0,2.0,0.0,0.0,0.0
Jamie Sterry,Newcastle United,1,4,0,0,0.0,0,0,0,0,0,0,0.0,0,0,0,0,0,0,0,0,0.0,0.0,0.0,0.0,0.0
Josh Cullen,West Ham United,1,2,0,0,0.0,0,0,0,0,0,0,0.0,0,0,0,1,0,0,0,0,0.0,0.0,0.0,0.0,0.0
